abbey,76,79,86
acadia,27,20,4
acapulco,124,176,161
acorn,106,93,27
aero blue,201,255,229
affair,113,70,147
afghan tan,134,86,10
akaroa,212,196,168
alabaster,255,255,255
albescent white,245,233,211
alert tan,155,71,3
allports,0,118,163
almond frost,144,123,113
alpine,175,143,44
alto,219,219,219
aluminium,169,172,182
amazon,59,122,87
americano,135,117,110
amethyst smoke,163,151,180
amour,249,234,243
amulet,123,159,128
anakiwa,157,229,255
antique brass,112,74,7
anzac,224,182,70
apache,223,190,111
apple,79,168,61
apple blossom,175,77,67
apple green,226,243,236
apricot,235,147,115
apricot white,255,254,236
aqua,161,218,215
aqua haze,237,245,245
aqua spring,234,249,245
aqua squeeze,232,245,242
aquamarine,1,75,67
arapawa,17,12,108
armadillo,67,62,55
arrowtown,148,135,113
ash,198,195,181
ash brown,46,25,5
asphalt,19,10,6
astra,250,234,185
astral,50,125,160
astronaut,40,58,119
astronaut blue,1,62,98
athens grey,238,240,243
aths special,236,235,206
atlantis,151,205,45
atoll,10,111,117
atomic,49,68,89
au chico,151,96,93
aubergine,59,9,16
australian mint,245,255,190
avocado,136,141,101
axolotl,78,102,73
azalea,247,200,218
aztec,13,28,25
azure,49,91,161
bahama blue,2,99,149
bahia,165,203,12
baja white,255,248,209
bali hai,133,159,175
baltic sea,42,38,48
bamboo,218,99,4
bandicoot,133,132,112
banjul,19,10,6
barberry,222,215,23
barley corn,166,139,91
barley white,255,244,206
barossa,68,1,45
bastille,41,33,48
battleship grey,130,143,114
bay leaf,125,169,141
bay of many,39,58,129
bazaar,152,119,123
bean  ,61,12,2
beauty bush,238,193,190
beeswax,254,242,199
bermuda,125,216,198
bermuda grey,107,139,162
beryl green,222,229,192
bianca,252,251,243
big stone,22,42,64
bilbao,50,124,20
biloba flower,178,161,234
birch,55,48,33
bird flower,212,205,22
biscay,27,49,98
bismark,73,113,131
bison hide,193,183,164
bitter,134,137,116
bitter lemon,202,224,13
bizarre,238,222,218
black bean,8,25,16
black forest,11,19,4
black haze,246,247,247
black magic,37,23,6
black marlin,62,44,28
black pearl,4,19,34
black pepper,14,14,24
black rock,13,3,50
black rose,103,3,45
black russian,10,0,28
black squeeze,242,250,250
black white,255,254,246
blackberry,77,1,53
blackcurrant,50,41,58
blackwood,38,17,5
blanc,245,233,211
bleach white,254,243,216
bleached cedar,44,33,51
blossom,220,180,188
blue bark,4,19,34
blue bayoux,73,102,121
blue bell,34,8,120
blue chalk,241,233,255
blue charcoal,1,13,26
blue chill,12,137,144
blue diamond,56,4,116
blue dianne,32,72,82
blue gem,44,14,140
blue haze,191,190,216
blue lagoon,1,121,135
blue marguerite,118,102,198
blue romance,210,246,222
blue smoke,116,136,129
blue stone,1,97,98
blue whale,4,46,76
blue zodiac,19,38,77
blumine,24,88,122
blush,180,70,104
bokara grey,28,18,8
bombay,175,177,184
bon jour,229,224,225
bondi blue,2,71,142
bone,228,209,192
bordeaux,92,1,32
bossanova,78,42,90
boston blue,59,145,180
botticelli,199,221,229
bottle green,9,54,36
boulder,122,122,122
bouquet,174,128,158
bourbon,186,111,30
bracken,74,42,4
brandy,222,193,150
brandy punch,205,132,41
brandy rose,187,137,131
brazil,136,98,33
breaker bay,93,161,159
bridal heath,255,250,244
bridesmaid,254,240,236
bright grey,60,65,81
bright red,177,0,0
bright sun,254,211,60
bronco,171,161,150
bronze,63,33,9
bronze olive,78,66,12
bronzetone,77,64,15
broom,255,236,19
brown bramble,89,40,4
brown derby,73,38,21
brown pod,64,24,1
bubbles,231,254,255
buccaneer,98,47,48
bud,168,174,156
buddha gold,193,160,4
bulgarian rose,72,6,7
bull shot,134,77,30
bunker,13,17,23
bunting,21,31,76
burgundy,119,15,5
burnham,0,46,32
burning sand,217,147,118
burnt crimson,101,0,11
bush,13,46,28
buttercup,243,173,22
buttered rum,161,117,13
butterfly bush,98,78,154
buttermilk,255,241,181
buttery white,255,252,234
cab sav,77,10,24
cabaret,217,73,114
cabbage pont,63,76,58
cactus,88,113,86
cadillac,176,76,106
cafe royale,111,68,12
calico,224,192,149
california,254,157,4
calypso,49,114,141
camarone,0,88,26
camelot,137,52,86
cameo,217,185,155
camouflage,60,57,16
can can,213,145,164
canary,243,251,98
candlelight,252,217,23
cannon black,37,23,6
cannon pink,137,67,103
canvas,168,165,137
cape cod,60,68,67
cape honey,254,229,172
cape palliser,162,102,69
caper,220,237,180
capri,6,42,120
caramel,255,221,175
cararra,238,238,232
cardin green,1,54,28
cardinal,140,5,94
careys pink,210,158,170
carissma,234,136,168
carla,243,255,216
carnaby tan,92,46,1
carousel pink,249,224,237
casablanca,248,184,83
casal,47,97,104
cascade,139,169,165
cashmere,230,190,165
casper,173,190,209
castro,82,0,31
catalina blue,6,42,120
catskill white,238,246,247
cavern pink,227,190,190
ce soir,151,113,181
cedar,62,28,20
cedar wood finish,113,26,0
celery,184,194,93
celeste,209,210,202
cello,30,56,91
celtic,22,50,34
cement,141,118,98
ceramic,252,255,249
chablis,255,244,243
chalet green,81,110,61
chalky,238,215,148
chambray,53,78,140
chamois,237,220,177
champagne,250,236,204
chantilly,248,195,223
charade,41,41,55
chardon,255,243,241
chardonnay,255,205,140
charlotte,186,238,249
charm,212,116,148
chateau green,64,168,96
chatelle,189,179,199
chathams blue,23,85,121
chelsea cucumber,131,170,93
chelsea gem,158,83,2
chenin,223,205,111
cherokee,252,218,152
cherry pie,42,3,89
cherrywood,101,26,20
cherub,248,217,233
chetwode blue,133,129,217
chicago,93,92,88
chiffon,241,255,200
chilean fire,247,119,3
chilean heath,255,253,230
china ivory,252,255,231
chino,206,199,167
chinook,168,227,189
chocolate,55,2,2
christalle,51,3,107
christi,103,167,18
christine,231,115,10
chrome white,232,241,212
cigar,119,63,26
cinder,14,14,24
cinderella,253,225,220
cinnamon,123,63,0
cioccolato,85,40,12
citrine white,250,247,214
citron,158,169,31
citrus,161,197,10
clairvoyant,72,6,86
clam shell,212,182,175
claret,127,23,52
classic rose,251,204,231
clay creek,138,131,96
clear day,233,255,253
clementine,233,110,0
clinker,55,29,9
cloud,199,196,191
cloud burst,32,46,84
cloudy,172,165,159
clover,56,73,16
cobalt,6,42,120
cocoa bean,72,28,28
cocoa brown,48,31,30
coconut cream,248,247,220
cod grey,11,11,11
coffee,112,101,85
coffee bean,42,20,14
cognac,159,56,29
cola,63,37,0
cold purple,171,160,217
cold turkey,206,186,186
colonial white,255,237,188
comet,92,93,117
como,81,124,102
conch,201,217,210
concord,124,123,122
concrete,242,242,242
confetti,233,215,90
congo brown,89,55,55
conifer,172,221,77
contessa,198,114,107
copper canyon,126,58,21
copper rust,148,71,71
coral,199,188,162
coral candy,255,220,214
coral tree,168,107,107
corduroy,96,110,104
coriander,196,208,176
cork,64,41,29
corn,231,191,5
corn field,248,250,205
corn harvest,139,107,11
cornflower,255,176,172
corvette,250,211,162
cosmic,118,57,93
cosmos,255,216,217
costa del sol,97,93,48
cotton seed,194,189,182
county green,1,55,26
cove grey,5,22,87
cowboy,77,40,45
crab apple,160,39,18
crail,185,81,64
cranberry,182,49,108
crater brown,70,36,37
cream brulee,255,229,160
cream can,245,200,92
creme de banane,255,252,153
creole,30,15,4
crete,115,120,41
crocodile,115,109,88
crown of thorns,119,31,31
crowshead,28,18,8
cruise,181,236,223
crusoe,0,72,22
crusta,253,123,51
cuban tan,42,20,14
cumin,146,67,33
cumulus,253,255,213
cupid,251,190,218
curious blue,37,150,209
cutty sark,80,118,114
cyprus,0,62,64
daintree,1,39,49
dairy cream,249,228,188
daisy bush,79,35,152
dallas,110,75,38
danube,96,147,209
dark ebony,60,32,5
dark oak,97,39,24
dark rimu,95,61,38
dark rum,65,32,16
dark slate,57,72,81
dark tan,102,16,16
dawn,166,162,154
dawn pink,243,233,229
de york,122,196,136
deco,210,218,151
deep blush,228,118,152
deep bronze,74,48,4
deep cove,5,16,64
deep fir,0,41,0
deep koamaru,27,18,123
deep oak,65,32,16
deep sea,1,130,107
deep teal,0,53,50
del rio,176,154,149
dell,57,100,19
delta,164,164,157
deluge,117,99,168
derby,255,238,216
desert,174,96,32
desert storm,248,248,247
dew,234,255,254
di serria,219,153,94
diesel,19,0,0
dingley,93,119,71
disco,135,21,80
dixie,226,148,24
dolly,249,255,139
dolphin,100,96,119
domino,142,119,94
don juan,93,76,81
donkey brown,166,146,121
dorado,107,87,85
double colonial white,238,227,173
double pearl lusta,252,244,208
double spanish white,230,215,185
dove grey,109,108,108
downriver,9,34,86
downy,111,208,197
driftwood,175,135,81
drover,253,247,173
dune,56,53,51
dust storm,229,204,201
dusty grey,168,152,155
dutch white,255,248,209
eagle,182,186,164
earls green,201,185,59
early dawn,255,249,230
east bay,65,76,125
east side,172,145,206
eastern blue,30,154,176
ebb,233,227,227
ebony,12,11,29
ebony clay,38,40,59
echo blue,175,189,217
eclipse,49,28,23
ecru white,245,243,229
ecstasy,250,120,20
eden,16,88,82
edgewater,200,227,215
edward,162,174,171
egg sour,255,244,221
egg white,255,239,193
el paso,30,23,8
el salva,143,62,51
elephant,18,52,71
elf green,8,131,112
elm,28,124,125
embers,160,39,18
eminence,108,48,130
emperor,81,70,73
empress,129,115,119
endeavour,0,86,167
energy yellow,248,221,92
english holly,2,45,21
english walnut,62,43,35
envy,139,166,144
equator,225,188,100
espresso,97,39,24
eternity,33,26,14
eucalyptus,39,138,91
eunry,207,163,157
evening sea,2,78,70
everglade,28,64,46
fair pink,255,239,236
falcon,127,98,109
fantasy,250,243,240
fedora,121,106,120
feijoa,159,221,140
fern,10,72,13
fern frond,101,114,32
ferra,112,79,80
festival,251,233,108
feta,240,252,234
fiery orange,179,82,19
fiji green,101,114,32
finch,98,102,73
finlandia,85,109,86
finn,105,45,84
fiord,64,81,105
fire,170,66,3
fire bush,232,153,40
firefly,14,42,48
flame pea,218,91,56
flame red,199,3,30
flamenco,255,125,7
flamingo,242,85,42
flax,123,130,101
flint,111,106,97
flirt,162,0,109
foam,216,252,250
fog,215,208,255
foggy grey,203,202,182
forest green,24,45,9
forget me not,255,241,238
fountain blue,86,180,190
frangipani,255,222,179
french grey,189,189,198
french lilac,236,199,238
french pass,189,237,253
friar grey,128,126,121
fringy flower,177,226,193
froly,245,117,132
frost,237,245,221
frosted mint,219,255,248
frostee,228,246,231
fruit salad,79,157,93
fuchsia,122,88,193
fuego,190,222,13
fuel yellow,236,169,39
fun blue,25,89,168
fun green,1,109,57
fuscous grey,84,83,77
gable green,22,53,49
gallery,239,239,239
galliano,220,178,12
geebung,209,143,27
genoa,21,115,107
geraldine,251,137,137
geyser,212,223,226
ghost,199,201,213
gigas,82,60,148
gimblet,184,181,106
gin,232,242,235
gin fizz,255,249,226
givry,248,228,191
glacier,128,179,196
glade green,97,132,95
go ben,114,109,78
goblin,61,125,82
gold drop,241,130,0
gold tips,222,186,19
golden bell,226,137,19
golden dream,240,213,45
golden fizz,245,251,61
golden glow,253,226,149
golden sand,240,219,125
golden tainoi,255,204,92
gondola,38,20,20
gordons green,11,17,7
gorse,255,241,79
gossamer,6,155,129
gossip,210,248,176
gothic,109,146,161
governor bay,47,60,179
grain brown,228,213,183
grandis,255,211,140
granite green,141,137,116
granny apple,213,246,227
granny smith,132,160,160
grape,56,26,81
graphite,37,22,7
grass hopper,124,118,49
gravel,74,68,75
green house,36,80,15
green kelp,37,49,28
green leaf,67,106,13
green mist,203,211,176
green pea,29,97,66
green smoke,164,175,110
green spring,184,193,177
green vogue,3,43,82
green waterloo,16,20,5
green white,232,235,224
greenstone,0,62,64
grenadier,213,70,0
grey chateau,162,170,179
grey green,69,73,54
grey nickel,195,195,189
grey nurse,231,236,230
grey olive,169,164,145
grey suit,193,190,205
guardsman red,186,1,1
gulf blue,5,22,87
gulf stream,128,179,174
gull grey,157,172,183
gum leaf,182,211,191
gumbo,124,161,166
gun powder,65,66,87
gunmetal,2,13,21
gunsmoke,130,134,133
gurkha,154,149,119
hacienda,152,129,27
hairy heath,107,42,20
haiti,27,16,53
half and half,255,254,225
half baked,133,196,204
half colonial white,253,246,211
half dutch white,254,247,222
half pearl lusta,255,252,234
half spanish white,254,244,219
hampton,229,216,175
harp,230,242,234
harvest gold,224,185,116
havana,52,21,21
havelock blue,85,144,217
hawaiian tan,157,86,22
hawkes blue,212,226,252
heath,84,16,18
heather,183,195,208
heathered grey,182,176,149
heavy metal,43,50,40
hemlock,94,93,59
hemp,144,120,116
hibiscus,182,49,108
highball,144,141,57
highland,111,142,99
hillary,172,165,134
himalaya,106,93,27
hint of green,230,255,233
hint of grey,252,255,249
hint of red,249,249,249
hint of yellow,250,253,228
hippie blue,88,154,175
hippie green,83,130,75
hippie pink,174,69,96
hit grey,161,173,181
hit pink,255,171,129
hokey pokey,200,165,40
hoki,101,134,159
holly,1,29,19
honey flower,79,28,112
honeysuckle,237,252,132
hopbush,208,109,161
horizon,90,135,160
horses neck,96,73,19
hot chile,139,7,35
hot curry,136,98,33
hot purple,72,6,86
hot toddy,179,128,7
humming bird,207,249,243
hunter green,22,29,16
hurricane,135,124,123
husk,183,164,88
ice cold,177,244,231
iceberg,218,244,240
illusion,246,164,201
indian tan,77,30,1
indochine,194,107,3
irish coffee,95,61,38
iroko,67,49,32
iron,212,215,217
ironbark,65,31,16
ironside grey,103,102,98
ironstone,134,72,60
island spice,255,252,238
jacaranda,46,3,41
jacarta,58,42,106
jacko bean,46,25,5
jacksons purple,32,32,141
jade,66,121,119
jaffa,239,134,63
jagged ice,194,232,229
jagger,53,14,87
jaguar,8,1,16
jambalaya,91,48,19
janna,244,235,211
japanese laurel,10,105,6
japanese maple,120,1,9
japonica,216,124,99
jarrah,52,21,21
java,31,194,194
jazz,120,1,9
jelly bean,41,123,154
jet stream,181,210,206
jewel,18,107,64
joanna,245,243,229
jon,59,31,31
jonquil,238,255,154
jordy blue,138,185,241
judge grey,84,67,51
jumbo,124,123,130
jungle green,40,30,21
jungle mist,180,207,211
juniper,109,146,146
just right,236,205,185
kabul,94,72,62
kaitoke green,0,70,32
kangaroo,198,200,189
karaka,30,22,9
karry,255,234,212
kashmir blue,80,112,150
kelp,69,73,54
kenyan copper,124,28,5
keppel,58,176,158
kidnapper,225,234,212
kilamanjaro,36,12,2
killarney,58,106,71
kimberly,115,108,159
kingfisher daisy,62,4,128
kobi,231,159,196
kokoda,110,109,87
korma,143,75,14
koromiko,255,189,95
kournikova,255,231,114
kumera,136,98,33
la palma,54,135,22
la rioja,179,193,16
las palmas,198,230,16
laser,200,181,104
laurel,116,147,120
lavender,168,153,230
leather,150,112,89
lemon,244,216,28
lemon ginger,172,158,34
lemon grass,155,158,143
licorice,9,34,86
lightning yellow,252,192,30
lilac bush,152,116,211
lily,200,170,191
lily white,231,248,255
lima,118,189,23
lime,191,201,33
limeade,111,157,2
limed ash,116,125,99
limed gum,66,57,33
limed oak,172,138,86
limed spruce,57,72,81
limerick,157,194,9
linen,230,228,212
link water,217,228,245
lipstick,171,5,99
lisbon brown,66,57,33
livid brown,77,40,46
loafer,238,244,222
loblolly,189,201,206
lochinvar,44,140,132
lochmara,0,126,199
locust,168,175,142
log cabin,36,42,29
logan,170,169,205
lola,223,207,219
london hue,190,166,195
lonestar,109,1,1
lotus,134,60,60
loulou,70,11,65
lucky,175,159,28
lucky point,26,26,104
lunar green,60,73,58
lusty,153,27,7
luxor gold,167,136,44
lynch,105,126,154
mabel,217,247,255
madang,183,240,190
madison,9,37,93
madras,63,48,2
magnolia,248,244,255
mahogany,78,6,6
mai tai,176,102,8
maire,19,10,6
maize,245,213,160
makara,137,125,109
mako,68,73,84
malachite green,136,141,101
malibu,125,200,247
mallard,35,52,24
malta,189,178,161
mamba,142,129,144
mandalay,173,120,27
mandy,226,84,101
mandys pink,242,195,178
manhattan,245,201,153
mantis,116,195,101
mantle,139,156,144
manz,238,239,120
mardi gras,53,0,54
marigold,185,141,40
mariner,40,106,205
marlin,42,20,14
maroon,66,3,3
marshland,11,15,8
martini,175,160,158
martinique,54,48,80
marzipan,248,219,157
masala,64,59,56
mash,64,41,29
matisse,27,101,157
matrix,176,93,84
matterhorn,78,59,65
maverick,216,194,213
mckenzie,175,135,81
melanie,228,194,213
melanzane,48,5,41
melrose,199,193,255
meranti,93,30,15
mercury,229,229,229
merino,246,240,230
merlin,65,60,55
merlot,131,25,35
metallic bronze,73,55,27
metallic copper,113,41,29
meteor,208,125,18
meteorite,60,31,118
mexican red,167,37,37
mid grey,95,95,110
midnight,1,22,53
midnight express,0,7,65
midnight moss,4,16,4
mikado,45,37,16
milan,250,255,164
milano red,184,17,4
milk punch,255,246,212
milk white,246,240,230
millbrook,89,68,51
mimosa,248,253,211
mindaro,227,249,136
mine shaft,50,50,50
mineral green,63,93,83
ming,54,116,125
minsk,63,48,127
mint julep,241,238,193
mint tulip,196,244,235
mirage,22,25,40
mischka,209,210,221
mist grey,196,196,188
mobster,127,117,137
moccaccino,110,29,20
mocha,120,45,25
mojo,192,71,55
mona lisa,255,161,148
monarch,139,7,35
mondo,74,60,48
mongoose,181,162,127
monsoon,138,131,137
montana,41,30,48
monte carlo,131,208,198
monza,199,3,30
moody blue,127,118,211
moon glow,252,254,218
moon mist,220,221,204
moon raker,214,206,246
moon yellow,252,217,23
morning glory,158,222,224
morocco brown,68,29,0
mortar,80,67,81
mosaic,18,52,71
mosque,3,106,110
mountain mist,149,147,150
muddy waters,183,142,92
muesli,170,139,91
mulberry,92,5,54
mule fawn,140,71,47
mulled wine,78,69,98
mustard,116,100,13
my pink,214,145,136
my sin,255,179,31
mystic,226,235,237
nandor,75,93,82
napa,172,164,148
narvik,237,249,241
natural,134,86,10
nebula,203,219,214
negroni,255,226,197
nepal,142,171,193
neptune,124,183,187
nero,20,6,0
neutral green,172,165,134
nevada,100,110,117
new amber,123,56,1
new orleans,243,214,157
new york pink,215,131,127
niagara,6,161,137
night rider,31,18,15
night shadz,170,55,90
nightclub,102,0,69
nile blue,25,55,81
nobel,183,177,177
nomad,186,177,162
nordic,1,39,49
norway,168,189,159
nugget,197,153,34
nutmeg,129,66,44
nutmeg wood finish,104,54,0
oasis,254,239,206
observatory,2,134,111
ocean green,65,170,120
off green,230,248,243
off yellow,254,249,227
oil,40,30,21
oiled cedar,124,28,5
old brick,144,30,30
old copper,114,74,47
olive green,36,46,22
olive haze,139,132,112
olivetone,113,110,16
onahau,205,244,255
onion,47,39,14
opal,169,198,194
opium,142,111,112
oracle,55,116,117
orange roughy,196,87,25
orange white,254,252,237
orchid white,255,253,243
oregon,155,71,3
orient,1,94,133
oriental pink,198,145,145
orinoco,243,251,212
oslo grey,135,141,145
ottoman,233,248,237
outer space,5,16,64
oxford blue,56,69,85
oxley,119,158,134
oyster bay,218,250,255
oyster pink,233,206,205
paarl,166,85,41
pablo,119,111,97
pacifika,119,129,32
paco,65,31,16
padua,173,230,196
pale leaf,192,211,185
pale oyster,152,141,119
pale prim,253,254,184
pale rose,255,225,242
pale sky,110,119,131
pale slate,195,191,193
palm green,9,35,15
palm leaf,25,51,14
pampas,244,242,238
panache,234,246,238
pancho,237,205,171
panda,66,57,33
paprika,141,2,38
paradiso,49,125,130
parchment,241,233,210
paris daisy,255,244,110
paris m,38,5,106
paris white,202,220,212
parsley,19,79,25
patina,99,154,143
pattens blue,222,245,255
paua,38,3,104
pavlova,215,196,152
pea soup,207,229,210
peach,255,240,219
peach schnapps,255,220,214
peanut,120,47,22
pearl bush,232,224,213
pearl lusta,252,244,220
peat,113,107,86
pelorous,62,171,191
peppermint,227,245,225
perano,169,190,242
perfume,208,190,248
periglacial blue,225,230,214
persian plum,112,28,28
persian red,82,12,23
persimmon,255,107,83
peru tan,127,58,2
pesto,124,118,49
petite orchid,219,150,144
pewter,150,168,161
pharlap,163,128,123
picasso,255,243,157
pickled aspen,63,76,58
pickled bean,110,72,38
pickled bluewood,49,68,89
picton blue,69,177,232
pigeon post,175,189,217
pine cone,109,94,84
pine glade,199,205,144
pine tree,23,31,4
pink flare,225,192,200
pink lace,255,221,244
pink lady,255,241,216
pink swan,190,181,183
piper,201,99,35
pipi,254,244,204
pippin,255,225,223
pirate gold,186,127,3
pistachio,157,194,9
pixie green,192,216,182
pizazz,255,144,0
pizza,201,148,21
plantation,39,80,75
planter,97,93,48
plum,65,0,86
pohutukawa,143,2,28
polar,229,249,246
polo blue,141,168,204
pompadour,102,0,69
porcelain,239,242,243
porsche,234,174,105
port gore,37,31,79
portafino,255,255,180
portage,139,159,238
portica,249,230,99
pot pourri,245,231,226
potters clay,140,87,56
powder blue,188,201,194
prairie sand,154,56,32
prelude,208,192,229
prim,240,226,236
primrose,237,234,153
promenade,252,255,231
provincial pink,254,245,241
prussian blue,0,49,83
pueblo,125,44,20
puerto rico,63,193,170
pumice,194,202,196
pumpkin,177,97,11
punch,220,67,51
punga,77,61,20
putty,231,205,140
quarter pearl lusta,255,253,244
quarter spanish white,247,242,225
quicksand,189,151,142
quill grey,214,214,209
quincy,98,63,45
racing green,12,25,17
raffia,234,218,184
rain forest,119,129,32
raincloud,123,124,148
rainee,185,200,172
rajah,247,182,104
rangitoto,46,50,34
rangoon green,28,30,19
raven,114,123,137
rebel,60,18,6
red beech,123,56,1
red berry,142,0,0
red damask,218,106,65
red devil,134,1,17
red oxide,110,9,2
red robin,128,52,31
red stage,208,95,4
redwood,93,30,15
reef,201,255,162
reef gold,159,130,28
regal blue,1,63,106
regent grey,134,148,159
regent st blue,170,214,230
remy,254,235,243
reno sand,168,101,21
resolution blue,0,35,135
revolver,44,22,50
rhino,46,63,98
ribbon,102,0,69
rice cake,255,254,240
rice flower,238,255,226
rich gold,168,83,7
rio grande,187,208,9
riptide,139,230,216
river bed,67,76,89
rob roy,234,198,116
robins egg blue,189,200,179
rock,77,56,51
rock blue,158,177,205
rock salt,255,255,255
rock spray,186,69,12
rodeo dust,201,178,155
rolling stone,116,125,131
roman,222,99,96
roman coffee,121,93,76
romance,255,254,253
romantic,255,210,183
ronchi,236,197,78
roof terracotta,166,47,32
rope,142,77,30
rose,231,188,180
rose bud,251,178,163
rose bud cherry,128,11,71
rose of sharon,191,85,0
rose white,255,246,245
rosewood,101,0,11
roti,198,168,75
rouge,162,59,108
royal heath,171,52,114
rum,121,105,137
rum swizzle,249,248,228
russett,117,90,87
rustic red,72,4,4
rusty nail,134,86,10
saddle,76,48,36
saddle brown,88,52,1
saffron,249,191,88
sage,158,165,135
sahara,183,162,20
sail,184,224,249
salem,9,127,75
salomie,254,219,141
salt box,104,94,110
saltpan,241,247,242
sambuca,58,32,16
san felix,11,98,7
san juan,48,75,106
san marino,69,108,172
sand dune,130,111,101
sandal,170,141,111
sandrift,171,145,122
sandstone,121,109,98
sandwisp,245,231,162
sandy beach,255,234,200
sangria,146,0,10
sanguine brown,141,61,56
santa fe,177,109,82
santas grey,159,160,177
sapling,222,212,164
sapphire,47,81,158
saratoga,85,91,16
sauvignon,255,245,243
sazerac,255,244,224
scampi,103,95,166
scandal,207,250,244
scarlet gum,67,21,96
scarlett,149,0,21
scarpa flow,88,85,98
schist,169,180,151
schooner,139,132,126
scooter,46,191,212
scorpion,105,95,98
scotch mist,255,251,220
scrub,46,50,34
sea buckthorn,251,161,41
sea fog,252,255,249
sea green,9,88,89
sea mist,197,219,202
sea nymph,120,163,156
sea pink,237,152,158
seagull,128,204,234
seance,115,30,143
seashell,241,241,241
seaweed,27,47,17
selago,240,238,253
sepia,43,2,2
serenade,255,244,232
shadow green,154,194,184
shady lady,170,165,169
shakespeare,78,171,209
shalimar,251,255,186
shark,37,39,44
sherpa blue,0,73,80
sherwood green,2,64,44
shilo,232,185,179
shingle fawn,107,78,49
ship cove,120,139,186
ship grey,62,58,68
shiraz,178,9,49
shocking,226,146,192
shuttle grey,95,102,114
siam,100,106,84
sidecar,243,231,187
silk,189,177,168
silver chalice,172,172,172
silver sand,191,193,194
silver tree,102,181,143
sinbad,159,215,211
siren,122,1,58
sirocco,113,128,128
sisal,211,203,186
skeptic,202,230,218
slugger,65,32,16
smalt blue,81,128,143
smoke tree,218,99,4
smokey ash,65,60,55
smoky,96,91,115
snow drift,247,250,247
snow flurry,228,255,209
snowy mint,214,255,219
snuff,226,216,237
soapstone,255,251,249
soft amber,209,198,180
soft peach,245,237,239
solid pink,137,56,67
solitaire,254,248,226
solitude,234,246,255
sorbus,253,124,7
sorrell brown,206,185,143
sour dough,209,190,168
soya bean,106,96,81
space shuttle,67,49,32
spanish green,129,152,133
spanish white,244,235,211
spectra,47,90,87
spice,106,68,46
spicy mix,136,83,66
spicy pink,129,110,113
spindle,182,209,234
splash,255,239,193
spray,121,222,236
spring green,87,131,99
spring rain,172,203,177
spring sun,246,255,220
spring wood,248,246,241
sprout,193,215,176
spun pearl,170,171,183
squirrel,143,129,118
st tropaz,45,86,155
stack,138,143,138
star dust,159,159,156
stark white,229,215,189
starship,236,242,69
steel grey,38,35,53
stiletto,156,51,54
stinger,139,107,11
stonewall,146,133,115
storm dust,100,100,99
storm grey,113,116,134
stratos,0,7,65
straw,212,191,141
strikemaster,149,99,135
stromboli,50,93,82
studio,113,74,178
submarine,186,199,201
sugar cane,249,255,246
sulu,193,240,124
summer green,150,187,171
sun,251,172,19
sundance,201,179,91
sundown,255,177,179
sunflower,228,212,34
sunglo,225,104,101
sunset,220,67,51
sunshade,255,158,44
supernova,255,201,1
surf,187,215,193
surf crest,207,229,210
surfie green,12,122,121
sushi,135,171,57
suva grey,136,131,135
swamp,0,27,28
swans down,220,240,234
sweet corn,251,234,140
sweet pink,253,159,162
swirl,211,205,197
swiss coffee,221,214,213
sycamore,144,141,57
tabasco,160,39,18
tacao,237,179,129
tacha,214,197,98
tahiti gold,233,124,7
tahuna sands,238,240,200
tall poppy,179,45,41
tallow,168,165,137
tamarillo,153,22,19
tamarind,52,21,21
tana,217,220,193
tangaroa,3,22,60
tangerine,233,110,0
tango,237,122,28
tapa,123,120,116
tapestry,176,94,129
tara,225,246,232
tarawera,7,58,80
tasman,207,220,207
taupe grey,179,175,149
tawny port,105,37,69
tax break,81,128,143
te papa green,30,67,60
tea,193,186,176
teak,177,148,97
teak wood finish,107,42,20
teal blue,4,66,89
temptress,59,0,11
tequila,255,230,199
texas,248,249,156
texas rose,255,181,85
thatch,182,157,152
thatch green,64,61,25
thistle,204,202,168
thunder,51,41,47
thunderbird,192,43,24
tia maria,193,68,14
tiara,195,209,209
tiber,6,53,55
tidal,241,255,173
tide,191,184,176
timber green,22,50,44
titan white,240,238,255
toast,154,110,97
tobacco brown,113,93,71
tobago,62,43,35
toledo,58,0,32
tolopea,27,2,69
tom thumb,63,88,59
tonys pink,231,159,140
topaz,124,119,138
torea bay,15,45,158
tory blue,20,80,170
tosca,141,63,63
totem pole,153,27,7
touch wood,55,48,33
tower grey,169,189,191
tradewind,95,179,172
tranquil,230,255,255
travertine,255,253,232
tree poppy,252,156,29
treehouse,59,40,32
trendy green,124,136,26
trendy pink,140,100,149
trinidad,230,78,3
tropical blue,195,221,249
trout,74,78,90
true v,138,115,214
tuatara,54,53,52
tuft bush,255,221,205
tulip tree,234,179,59
tumbleweed,55,41,14
tuna,53,53,66
tundora,74,66,68
turbo,250,230,0
turkish rose,181,114,129
turmeric,202,187,72
turtle green,42,56,11
tuscany,189,94,46
tusk,238,243,195
tussock,197,153,75
tutu,255,241,249
twilight,228,207,222
twilight blue,238,253,255
twine,194,149,93
valencia,216,68,55
valentino,53,14,66
valhalla,43,25,79
van cleef,73,23,12
vanilla,209,190,168
vanilla ice,243,217,223
varden,255,246,223
venetian red,114,1,15
venice blue,5,89,137
venus,146,133,144
verdigris,93,94,55
verdun green,73,84,0
vesuvius,177,74,11
victoria,83,68,145
vida loca,84,144,25
viking,100,204,219
vin rouge,152,61,97
viola,203,143,169
violent violet,41,12,94
violet,36,10,64
viridian green,103,137,117
vis vis,255,239,161
vista blue,143,214,180
vista white,252,248,247
volcano,101,26,20
voodoo,83,52,85
vulcan,16,18,29
wafer,222,203,198
waikawa grey,90,110,156
waiouru,54,60,13
walnut,119,63,26
wan white,252,255,249
wasabi,120,138,37
water leaf,161,233,222
watercourse,5,111,87
waterloo ,123,124,148
wattle,220,215,71
watusi,255,221,207
wax flower,255,192,168
we peep,247,219,230
wedgewood,78,127,158
well read,180,51,50
west coast,98,81,25
west side,255,145,15
westar,220,217,210
western red,139,7,35
wewak,241,155,171
wheatfield,243,237,207
whiskey,213,154,111
whiskey sour,219,153,94
whisper,247,245,250
white ice,221,249,241
white lilac,248,247,252
white linen,248,240,232
white nectar,252,255,231
white pointer,254,248,255
white rock,234,232,212
wild rice,236,224,144
wild sand,244,244,244
wild willow,185,196,106
william,58,104,108
willow brook,223,236,218
willow grove,101,116,93
windsor,60,8,120
wine berry,89,29,53
winter hazel,213,209,149
wisp pink,254,244,248
wisteria,151,113,181
wistful,164,166,211
witch haze,255,252,153
wood bark,38,17,5
woodburn,60,32,5
woodland,77,83,40
woodrush,48,42,15
woodsmoke,12,13,15
woody bay,41,33,48
woody brown,72,49,49
xanadu,115,134,120
yellow metal,113,99,56
yellow sea,254,169,4
your pink,255,195,192
yukon gold,123,102,8
yuma,206,194,145
zambezi,104,85,88
zanah,218,236,214
zest,229,132,27
zeus,41,35,25
ziggurat,191,219,226
zircon,244,248,255
zombie,228,214,155
zorba,165,155,145
zuccini,4,64,34
zumthor,237,246,255
zydeco,2,64,44