warm sand,204,184,157
dark mustard,172,127,82
marblehead gold,226,197,121
island getaway,60,167,130
bone white,232,223,203
white wisp,231,233,226
autumn cover,214,111,79
bare,248,239,220
eve green,205,188,15
tangelo,255,162,53
november skies,173,187,201
mixed fruit,255,191,185
rustic brick,143,72,57
capilano bridge,193,168,136
steamed spinach,65,117,102
yellow highlighter,255,223,101
spring has sprung,182,185,150
autumn purple,94,62,85
terrapin green,140,141,81
titanic rose,204,159,154
antique glass,168,200,189
halifax cream,248,240,210
winter sunshine,250,240,198
sunshine on the bay,244,229,157
lightning bug,248,227,126
fiesta yellow,251,223,97
glimmer,248,215,80
sunrays,241,202,52
orange blossom,221,129,83
inner glow,242,219,119
yellow brick road,242,205,85
english ochre,190,126,73
sonoma skies,162,218,220
atmospheric,137,158,155
temporal spirit,218,208,188
snow white,242,246,242
pearl river,221,224,223
chocolate velvet,134,118,104
violet stone,143,144,177
yellow topaz,237,209,148
palace arms red,121,61,55
quietude,182,163,145
sundress,249,229,179
jeweled peach,245,112,76
pink cadillac,254,232,233
midsummer night,81,75,70
october sky,246,237,221
light yellow,254,246,197
intense white,225,224,216
raleigh green,90,127,96
handmade,239,216,179
baby pink,249,228,233
lemon drops,255,233,160
burnt ember,107,106,104
porch swing,113,125,122
wispy pink,248,229,229
mountain moss,118,113,86
good vibrations,254,234,182
golden honey,251,226,161
golden bounty,209,167,72
trout gray,106,110,113
peach blossom,235,182,158
showtime,229,196,105
fresh butter,242,224,160
laguna yellow,236,215,138
pink raspberry,199,126,176
california lilac,128,133,191
grizzly bear brown,96,76,61
beaver brown,117,70,58
summer basket green,93,165,147
light khaki,212,198,158
sage,119,109,76
straw hat,218,202,162
barley grass,201,178,129
jet black,52,52,53
sandalwood,178,156,104
santo domingo cream,244,229,183
banana cream,235,220,162
cambridge heights,235,219,154
freedom trail,226,205,130
hollywood gold,203,172,86
riding boots,108,79,63
summer green,185,236,226
crisp linen,250,247,232
charcoal slate,101,104,106
floradale isle,50,152,108
plum raisin,125,70,72
simplicity,188,162,144
palm trees,89,138,120
mediterranean teal,71,90,87
spring moss,172,186,22
lead gray,68,79,83
gray owl,212,213,205
charleston brown,117,83,58
tudor brown,80,59,49
sierra spruce,97,79,65
morning coffee,113,79,65
old soul,197,187,172
icicle,238,238,228
desert view,242,203,168
canyonlands,232,180,137
bruton white,214,210,200
casabella,221,171,135
golden beige,242,213,193
melon cup,241,207,183
melon ice,247,225,201
wellesley buff,242,214,184
sienna clay,190,120,81
terra mauve,157,97,65
leisure green,201,228,211
juniper green,70,139,117
gardenia,244,241,234
steam,241,240,231
lemon shine,255,183,1
gentle butterfly,248,233,227
light pistachio,208,231,207
english brown,126,87,73
sail cloth,229,223,207
pool blue,134,194,201
sussex green,129,125,101
sandy hook gray,175,169,152
cameo white,243,232,208
tropical turquoise,1,113,109
montgomery white,245,227,193
cromwell gray,128,120,103
golden harvest,206,132,66
hampshire gray,145,138,115
gloucester sage,124,119,102
pacific grove pink,250,219,212
crownsville gray,135,128,106
miami green,62,199,172
passion blue,142,194,203
calcite,248,236,206
fountain spout,208,237,243
pumpkin mousse,248,214,194
orange creamsicle,245,204,180
pumpkin patch,210,141,109
montana agate,185,110,83
orange sorbet,247,228,208
precocious,239,207,194
conch shell,231,190,173
crazy for you,227,182,166
kangaroo,192,178,153
vintage wine,85,71,74
yellow lilies,245,233,175
chocolate fondue,115,88,73
delaware putty,222,212,184
minced onion,241,241,224
alabaster,243,240,233
pear green,196,210,112
waterbury cream,222,203,155
through the looking glass,193,189,189
moonlight white,240,239,228
surf blue,1,129,140
seashell,237,234,217
standish white,236,220,186
cotton balls,246,247,236
bavarian cream,248,248,232
bunny nose pink,238,206,231
cotton tail,252,245,221
whitewater bay,245,240,235
wilmington tan,205,177,133
gray cashmere,208,214,206
hot chocolate,135,97,80
little boy blue,173,214,234
britannia blue,104,116,125
mineral alloy,130,145,156
little falls,159,174,184
blue heather,178,192,200
manor blue,173,184,193
gentle gray,193,203,206
blue lace,209,217,218
westcott navy,79,84,88
palace blue,94,160,183
bachelor blue,118,132,146
comet,152,163,175
silver half dollar,196,201,204
waterfall,158,206,204
polar sky,204,222,227
blue echo,111,137,142
putnam ivory,219,202,172
turquoise haze,170,220,240
mellowed ivory,223,215,176
paradise valley,104,181,89
straw,246,219,170
easter hunt,222,241,204
leprechaun green,164,218,133
warm comfort,224,77,56
exotic bloom,150,201,133
paradise hills green,163,211,147
richmond green,96,147,84
pleasant grove,115,166,87
amsterdam,130,149,158
montpelier,114,129,136
timson sand,217,206,186
majestic mauve,223,217,219
peach mousse,229,182,167
antique coral,243,201,182
flax,193,170,162
blue daisy,85,142,168
pressed violet,143,164,198
california redwood,153,90,74
palazzo pink,211,161,143
sweet romance,233,198,185
patina,183,121,98
mexican tile,194,137,115
pumice stone,145,92,72
burnt sienna,159,99,78
golden bark,151,115,47
raleigh sorrel,143,118,90
porcelain glaze,155,179,198
olive branch,166,157,122
waterloo,96,143,195
rose accent,231,208,198
mountain retreat,157,115,96
lake house,189,146,128
vintage,209,175,160
southern charm,215,180,164
pink beach,227,201,187
bashful,236,219,205
beautiful in my eyes,241,227,213
latte,236,220,203
indian summer,221,171,135
soul mate,208,175,161
pale petal,225,197,185
pine grove,126,119,91
lighthouse,255,241,199
thousand islands,221,205,180
baseline white,238,239,236
springfield sage,134,132,104
sisal,202,173,135
cable knit,227,211,180
blue nose,100,136,160
sombrero,207,186,134
limestone,223,216,191
garden cucumber,63,93,84
pink buff,222,145,146
secret garden,224,152,157
santa fe pottery,172,96,95
cinco de mayo,196,108,111
tawny port,145,85,86
burgundy rose,178,116,119
hearts delight,234,179,181
tippy toes,244,212,210
baby turtle,181,170,134
stormy monday,175,172,171
marry me,243,216,209
segovia red,156,76,74
flowering herbs,207,200,171
palace ochre,188,154,82
sweet pea,121,192,57
greyhound,158,169,162
iced marble,177,186,180
rhine river,165,188,183
greenbrook,124,115,82
castle walls,163,174,166
raindance,168,180,171
imperial gray,177,186,179
gray wisp,192,199,188
arctic gray,202,208,202
ice cap,212,218,211
rainy afternoon,101,108,98
rushing river,140,152,143
durango dust,246,230,205
river blue,38,74,83
white christmas,237,239,235
ruby red,203,45,45
eucalyptus,127,188,167
key largo green,152,204,188
juniper,1,110,103
spring break,157,191,167
turtle green,106,101,74
golden meadow,175,127,71
etched glass,178,208,187
coastline,146,158,169
cape hatteras sand,191,185,175
rose bisque,203,172,167
wild flower,192,113,102
whispering spring,221,232,231
plum perfect,144,101,132
victorian purple,190,145,175
silky smooth,239,227,223
ultra violet,118,82,115
hidden sanctuary,215,192,207
orleans violet,229,212,215
caribbean sunset,188,150,175
angelina,205,175,198
eggplant,110,75,98
lazy afternoon,142,104,131
galt blue,191,215,206
apple froth,221,238,188
light green,226,240,195
tawny,160,115,72
tea,138,68,53
cedar path,118,135,111
wethersfield moss,144,142,114
bermuda breeze,246,198,221
chartreuse,194,181,1
sharp cheddar,253,148,31
abyss,67,69,76
sandy white,232,224,198
north shore green,214,225,214
exotic pink,255,206,215
plantation,195,191,160
yellow lotus,255,237,159
icy morn,207,218,205
thayer green,149,149,119
splendor,206,190,150
deep green,1,99,67
allspice,201,171,164
georgia pink,228,194,190
hawthorne green,237,231,199
gibson gold,192,167,84
slip,215,211,214
amorous,150,137,151
sweet honeydew melon,228,247,230
blue marguerite,133,188,221
yellow tone,227,209,110
yellow iris,243,234,194
vanilla cookie,247,240,210
yellow clover,231,217,159
luminaire,235,225,178
mustard field,209,189,105
mother earth,220,202,137
moir gold,243,206,144
pink peony,249,230,237
burnt peanut red,162,65,73
orange nectar,235,90,52
delphinium,49,77,138
jet blue,66,75,99
mosaic,57,99,164
lime ricky,242,244,203
olive tree,175,165,75
sweet vibrations,200,189,97
golden delicious,218,206,123
chamomile,212,218,94
chic lime,217,223,124
apples and pears,225,233,156
lemon twist,237,241,187
exotic lime,203,203,54
chocolate sundae,92,64,55
blue orchid,185,186,211
aphrodite pink,244,223,203
adirondack brown,112,76,60
american cheese,255,216,103
mustang,105,88,75
harvest brown,125,76,67
waterdrop,93,122,180
broadway lights,244,211,128
blue gaspe,93,99,117
toasted chestnut,137,69,47
charming pink,247,228,240
frozen canal,166,184,206
storm cloud gray,146,147,133
free spirit,152,133,103
strathmore manor,173,157,125
consentino chardonnay,233,221,187
westchester tan,242,233,205
jonesboro cream,211,200,170
baffin island,194,183,152
laurel canyon beige,207,196,165
iron ore red,170,85,70
mansfield tan,223,207,167
frosty mint,216,245,237
newburg green,69,90,99
candlelit dinner,251,239,198
cayman lagoon,1,155,128
chestnut,113,63,61
royal flax,207,193,175
first crush,233,223,208
gold rush,182,100,45
old glory,58,106,153
cliffside gray,205,209,203
coral gables,250,144,132
platinum gray,169,170,164
ultra white,237,239,237
ochre,188,154,82
hannity green,189,228,216
yarmouth blue,182,201,202
olive moss,149,146,71
stone brown,96,85,79
honeywheat,247,216,152
golden lab,242,220,171
mushroom cap,245,227,182
goldtone,247,234,197
mayan gold,224,164,75
sunflower fields,246,182,80
springy peach,255,218,213
sunny days,253,207,116
sweet butter,253,220,149
traditional yellow,247,226,171
aztec brick,167,84,49
seaweed,20,106,57
bumble bee yellow,255,177,1
sea of green,30,183,165
hale navy,68,76,87
dalton blue,197,208,211
harbor side teal,163,229,217
ocean breeze,177,218,233
safari,235,211,169
strawberry freeze,238,193,186
spring mint,218,238,232
caribbean breeze,206,241,229
daiquiri ice,230,242,227
appalachian spring,165,128,116
shaker beige,210,195,168
seagrove,184,235,226
myrtle beach,230,169,132
fresh peach,241,193,165
pennies from heaven,197,120,83
vegetable patch,217,146,110
rosebud,247,217,197
nautilus shell,248,224,206
del ray peach,243,193,167
forever young,247,209,184
golden cherry,222,138,100
succulent peach,233,165,130
hummingbird green,1,158,124
blue lake,87,157,166
purple easter egg,205,173,203
splash,171,221,239
heirloom quilt,177,99,93
summer sun pink,255,154,138
sweet celadon,220,224,205
cabernet,108,91,101
bracken biscuit,214,196,163
grenadier pond,145,164,148
french press,96,78,68
titanium,219,220,208
oriole,226,120,82
barista,89,67,59
smoked truffle,143,138,125
pewter,152,157,160
avant garde,194,170,120
chateau,171,164,148
hearthstone,137,142,144
hazy skies,207,204,187
brown horse,106,91,77
water drops,195,232,222
sandy valley,192,152,102
elephant gray,182,172,168
sea wind,226,224,208
tequila lime,167,187,51
wolf gray,115,125,132
glacier white,237,235,225
white down,236,231,216
cloud white,243,242,231
sebring white,232,232,222
celery salt,231,229,208
cream cloak,230,230,211
acadia white,243,240,224
semolina,245,196,108
ansonia peach,232,180,137
grand teton white,234,230,209
caribbean mist,206,232,242
cranberry ice,202,152,176
easter bonnet,246,228,240
tavern charcoal,83,80,69
mystic gold,168,137,92
misty gray,233,236,235
lime white,235,228,211
first snowfall,219,225,228
silver mist,201,211,215
stormy sky,99,102,105
cheating heart,76,78,80
delray gray,155,160,163
dollar bill green,51,87,85
pelican gray,199,204,205
silent night,177,181,184
french beret,77,80,83
graytint,217,218,217
sapphire ice,162,192,214
butterscotch,217,145,81
asbury sand,249,212,162
timothy straw,199,186,133
york harbor yellow,235,194,125
misty lilac,235,228,241
cayman blue,116,194,229
ginger root,203,165,115
constellation,214,226,228
sepia tan,219,190,153
caramel corn,179,129,62
solitude,164,175,181
spiced rum,157,111,74
oyster,237,234,233
flower pot,185,110,83
winter white,232,234,227
kitsilano beach,235,211,178
venetian marble,237,232,230
harbor fog,212,232,238
coastal path,195,180,148
slate,164,169,169
nile blue,79,114,155
autumn brown,162,126,114
soft sky,194,216,229
toffee cream,211,172,137
rooftop garden,119,120,106
oil cloth,160,162,149
alligator green,142,132,95
corduroy,161,123,54
painted sands,236,216,192
powder puff,229,205,178
runyon canyon tan,157,111,74
glenwood brown,144,104,73
harvest bronze,205,152,101
butterscotch sundae,191,136,90
tucson tan,227,194,157
creamy custard,214,175,132
raleigh peach,232,205,185
cognac snifter,183,131,84
gentle repose,240,224,205
atlantis blue,85,178,202
shadow gray,163,170,175
milkyway,252,247,222
dream i can fly,32,161,194
dusty road,223,209,193
gargoyle,125,118,104
waynesboro taupe,166,155,142
iron gate,140,131,117
himalayan trek,191,185,175
plymouth rock,183,176,164
cabin fever,109,101,84
london fog,205,200,190
garden oasis,126,142,130
classic gray,228,225,216
balboa mist,219,215,205
roseate,158,53,73
woodland hills green,167,187,129
country green,216,229,194
red oxide,151,68,52
courtyard green,111,133,85
mint julep,225,240,211
kiwi,150,174,110
buckingham gardens,138,161,105
decatur buff,194,168,126
pastel green,202,231,193
honeydew,192,225,185
toronto blue,26,160,205
paradise green,99,181,37
meridian blue,5,148,168
bonfire,214,58,64
festive orange,234,89,36
kensington blue,76,91,114
graceful sea,119,195,216
teacup rose,245,196,179
tropicana cabana,127,214,213
camel,166,119,63
skyscraper,184,224,230
honey hut,226,204,200
harbor haze,196,213,213
pirates cove beach,246,225,201
wispy green,236,244,204
riverdale green,226,241,187
tasty apple,213,233,153
feel the energy,191,222,121
spring lilac,221,206,222
wishing well,204,184,209
springhill green,166,199,104
blooming grove,156,186,92
carolina plum,155,132,161
leprechaun,1,132,100
rock harbor violet,228,222,222
peace and happiness,226,213,222
easter ribbon,213,200,215
dark salmon,232,91,81
beau green,11,87,91
pale berry,220,196,193
chimichurri,73,83,66
mayonnaise,250,246,230
coppertone,151,108,66
evening dove,82,91,104
timid white,243,239,222
brilliant blue,1,100,167
fairest pink,241,220,216
jamesboro gold,152,133,103
peau de soie,230,220,207
yolk,237,202,1
almond beige,166,128,118
sapphireberry,178,215,235
autumn gold,198,159,86
blacktop,58,62,61
elephant tusk,229,221,197
violetta,197,184,188
inchworm,222,230,164
mantis green,204,241,211
batik,205,186,182
city scape morning,237,224,156
mulholland yellow,232,217,136
san pedro morning,245,236,183
sunny side up,239,228,165
citrus burst,211,194,62
light of the moon,248,241,198
lemon grove,233,211,75
san fernando sunshine,248,232,144
salmon peach,255,198,182
tickled pink,255,180,190
blue nova,92,110,147
stanhope yellow,231,225,186
sesame,220,215,168
artichoke hearts,214,198,138
fireball orange,196,83,51
turning leaf,180,164,89
savannah moss,174,156,75
ginseng root,246,241,206
jasper opal,244,238,194
autumn bronze,132,95,53
sweet pear,228,219,156
blackberry wine,73,69,95
raindrop,212,226,226
juneau spring,102,181,166
princess pink,252,228,235
arroyo red,111,56,50
ice fog,221,223,217
red rock,125,63,51
sedona clay,172,97,79
mohegan sage,96,95,81
sunflower,255,195,28
ranchwood,174,163,145
muskoka dusk,163,138,140
whirlpool,223,227,228
passion pink,238,205,229
gray horse,186,188,178
oklahoma wheat,241,214,173
russell green,163,172,136
frosty pink,254,234,228
acorn squash,178,150,88
brazen,158,131,71
citrine,201,172,111
olivetone,151,127,79
rosy peach,182,95,80
porter ridge tan,186,159,101
seville tan,166,140,85
westwood tan,202,180,123
honey oak,198,177,120
woven jacquard,230,218,179
heirloom gold,219,203,157
garden green,1,123,100
pomegranate,140,57,63
terrazzo brown,95,60,48
egyptian green,70,194,173
exotic red,180,40,54
caramel latte,189,108,51
halo,225,223,210
springfield tan,193,168,136
sagebrush,195,201,185
light quartz,254,235,231
golden vista,229,161,58
sea star,137,159,159
chrome green,12,66,47
black forest green,37,47,45
crown point sand,207,196,165
oregano,141,137,64
brown sugar,87,74,67
amber,198,131,65
aura,248,232,198
auberge,110,79,64
birmingham cream,246,220,177
glowing apricot,244,208,157
orange ice,236,189,128
old gold,226,169,100
soft marigold,241,187,120
brilliant amber,228,155,81
corinthian white,247,235,203
somerset peach,248,228,192
elderberry wine,97,47,79
shenandoah,109,146,136
carriage red,114,50,41
green hydrangea,208,204,141
lily of the valley,248,240,221
blue angel,211,235,241
old fashioned peach,246,228,205
antiguan sky,192,225,216
wild mulberry,108,95,108
pebble stone,199,171,161
corlsbud canyon,209,114,75
fiery opal,179,88,64
sausalito sunset,243,167,134
flamingo orange,228,143,106
sanibel peach,250,198,173
amber winds,246,188,162
topaz,193,107,71
cameo rose,247,217,197
reef green,1,127,94
morning sky blue,215,235,237
cabot trail,160,143,125
tiramisu,181,151,123
peach melba,249,228,210
daytona peach,253,221,200
perky peach,255,193,184
peanut butter,205,145,65
pacific rim,82,124,120
budding green,201,209,184
coffeehouse tan,182,161,132
pool party,119,197,227
lucky shamrock,43,129,109
basking ridge beige,225,201,183
skipping stone,214,208,192
kona,115,87,66
windy city,115,111,104
nugget,183,145,108
stardust,146,134,121
thunderbird,167,204,202
neon,218,233,162
smoked oyster,143,128,122
douglas fir,137,171,40
gray shower,110,116,121
green bean,164,183,147
gulf stream,105,178,174
butte rock,201,172,140
soft spruce,64,152,148
hepplewhite ivory,244,230,196
prussian blue,51,91,126
paper doll,233,234,226
velvet cloak,57,42,49
finley blue,70,129,169
electric blue,63,145,185
iced green,199,223,219
suntan yellow,252,221,160
celestial,179,164,144
temptation,85,89,93
ashland slate,106,110,115
carter gray,131,125,112
danville tan,188,172,137
delicate rose,252,186,186
newport green,63,116,114
timber wolf,155,160,159
graphite,69,71,72
gunmetal,107,112,113
winter solstice,186,192,191
silvery moon,208,213,210
englewood cliffs,128,133,136
cobblestone path,159,166,166
soft jazz,130,166,193
beeswax,239,184,132
lazy sunday,95,144,183
san francisco bay,122,168,198
blue bayou,147,187,213
palatial skies,166,201,222
august morning,237,180,110
breath of fresh air,202,222,230
new york state of mind,54,85,116
chicago blues,65,115,157
mauve blush,162,146,150
parchment,248,232,213
caribbean coast,164,213,241
white chocolate,246,244,228
manchester tan,220,211,189
bleeker beige,206,193,169
grant beige,207,198,177
butter cream,214,201,167
fairview taupe,125,114,98
elmira white,220,212,196
neon green,23,154,41
kingsport gray,149,135,117
northampton putty,173,157,125
instinct,187,198,209
hint of violet,221,213,212
texas leather,134,123,105
notre dame,65,68,68
espresso,125,86,72
spring azalea,220,124,181
bone black,186,185,175
lightning bolt,251,242,198
camelot,94,77,85
rattan,188,166,120
amarillo,254,219,103
blue hydrangea,180,212,226
sulfur yellow,211,187,128
sage wisdom,170,182,166
gilded ballroom,188,158,98
tulsa twilight,60,52,58
cascade white,222,227,228
clarksville gray,179,170,145
adobe beige,217,197,172
tapestry gold,176,137,65
new chestnut,161,133,98
black satin,50,53,54
foul pole yellow,255,205,9
deer field,209,178,156
sundial,235,213,177
niveous,235,229,206
cappuccino muffin,169,121,88
mountain hideaway,197,151,119
dusty trail,233,216,199
puppy paws,241,227,211
shorewood,225,196,174
inner peach,234,213,193
dearborn tan,206,167,137
marble white,241,236,216
rockport gray,169,163,150
tropical dusk,134,126,144
copley gray,146,139,121
nacho cheese,255,208,108
tucker orange,224,117,94
la paloma gray,185,181,173
cumulus cloud,198,194,185
equestrian gray,145,137,121
river reflections,167,160,148
winter orchard,222,222,212
dash of pepper,115,105,90
silver song,195,196,186
vapor trails,208,209,198
arctic shadows,155,155,143
fieldstone,177,177,166
gray mist,228,224,211
essex yellow,246,244,228
shades of spring,189,198,142
sienna laurel,204,215,170
soothing green,212,223,187
crisp green,225,234,203
calming aloe,233,237,211
winding vines,145,142,86
ponderosa pine,157,155,99
medieval times,162,165,101
cornice tan,227,212,180
salsa dancing,172,85,64
key lime,204,235,168
fire glow,190,129,88
sycamore tree,141,151,91
vienna green,167,180,119
naples blue,20,108,124
green umber,212,208,144
poolside blue,32,186,181
flamenco,161,37,51
colorado gray,159,182,185
first light,240,227,223
clear sailing,132,185,209
peacock blue,98,173,175
adams gold,219,203,157
garland green,211,224,192
cucumber,221,233,208
inspired,173,159,171
tamarind,116,97,71
seduction,109,90,142
charmed violet,148,122,177
mighty aphrodite,172,152,201
heather plum,190,174,214
grape ice,213,200,227
pink peach,249,139,136
grappa,85,70,87
fire and ice,119,90,128
naples sunset,160,125,166
hydrangea,181,153,190
secret path,136,146,123
cloud cover,234,233,225
sandblast,192,160,157
true pink,238,127,143
harwood putty,238,240,232
millington gold,185,157,92
cabana green,1,159,118
lemon ice,251,249,225
aspen white,246,247,220
mountain peak white,248,246,236
vanilla milkshake,237,237,228
tropical sand,240,227,222
cumulus cotton,212,233,242
cinnamon slate,138,117,118
parrot green,179,179,107
livingston gold,161,140,96
gentle violet,83,61,105
flurry,247,241,226
summerdale gold,194,169,116
sanctuary,181,170,176
bud green,167,228,182
aplomb,149,114,126
spring tulips,226,76,91
pleasant pink,239,213,207
moroccan spice,179,93,81
claret,205,117,106
blush tone,254,173,190
dusk pink,255,159,133
desert camel,141,103,60
innocence,210,240,242
spa day,95,164,178
turmeric,187,136,69
vibrant blush,191,91,104
collingwood,212,207,197
hancock gray,151,142,113
holly berry,195,77,78
pottery red,134,64,69
ebony slate,75,75,84
darkest grape,93,91,125
sea mist green,155,214,204
shortbread,220,195,150
ancient ivory,239,237,220
winter lake,157,174,184
philipsburg blue,99,121,134
golden nugget,255,184,1
fresh lime,79,179,70
hot apple spice,139,70,63
cinnamon,153,80,60
yukon sky,161,167,183
pink mix,195,109,97
bryan ochre,179,139,90
moonshine,215,217,208
deep taupe,90,68,53
cool lava,218,154,147
hamilton blue,96,119,128
ballerina pink,244,227,231
grenada hills gold,189,165,117
shakespeare tan,203,185,141
marble canyon,214,201,167
twisted oak path,228,218,188
chatsworth cream,238,230,207
grecian gold,159,131,74
el sereno gold,186,154,92
mustard seed,206,180,122
golden garden,222,203,155
yellow bisque,233,215,172
calypso green,1,91,73
colonial cream,248,236,219
picket fence,214,209,200
south beach,138,221,206
evening gown,182,170,158
exhale,160,185,194
blue ice,187,204,224
bayberry,231,168,189
golden tan,225,196,138
caribbean teal,99,125,123
white drifts,228,227,214
bronze tone,200,120,63
orange froth,255,218,160
peach yogurt,254,225,176
fresh fruit,255,197,121
florida orange,254,202,132
point pleasant,246,233,207
mango punch,255,169,79
cantaloupe,255,220,175
sweet nectar,254,225,182
peach crisp,246,196,131
pineapple orange,251,213,165
monterey white,234,230,209
dunmore yellow,223,215,176
pine cone,118,88,74
chase green,68,77,80
blue grass,195,210,199
dark purple,76,54,65
lucerne,59,101,126
gray gardens,114,118,114
spring blossom,245,218,214
cottage red,103,43,38
bermuda sands,225,204,196
cool blue,66,155,184
nile green,53,132,85
alpine white,245,245,228
gray mirage,201,198,179
easter lily,248,245,227
heritage red,154,11,21
white dove,240,239,230
tooty fruity,251,183,138
summer peach tree,255,203,169
tangerine fusion,246,134,92
sunset boulevard,248,149,108
intense peach,249,173,138
daylily,253,208,186
juno peach,251,218,192
china blue,180,220,223
amelia blush,248,231,212
fiesta orange,241,119,76
sonnet,228,220,206
creamy peach,255,220,213
apple crisp,215,158,78
yosemite blue,24,162,201
oceanfront,174,226,219
sweatshirt gray,147,154,159
dunmore green,81,154,111
urban sophisticate,189,182,162
coriander seed,149,129,102
downtown,164,155,137
lodge,126,103,78
silver fox,185,178,168
a la mode,231,227,223
glazed green,215,219,192
pink swirl,253,235,231
tidal wave,125,184,215
wenge,61,46,44
iguana green,122,163,31
peach parfait,250,232,219
palace pearl,199,209,211
greenhow blue,173,200,213
grape juice,99,52,75
gold mine,221,147,35
amaryllis,201,153,151
grenada villa,139,164,157
hydrangea flowers,241,145,142
bourbon street,155,110,108
river rock,71,67,52
winter gates,163,158,151
mesa verde tan,160,143,125
pismo dunes,184,171,155
valley forge tan,183,176,164
rose lace,226,199,198
big bend beige,211,201,190
shenandoah taupe,166,155,142
crisp straw,250,214,177
southern belle,66,85,141
pink panther,217,181,182
true green,1,97,72
tear drop blue,185,219,225
blue dragon,108,142,180
mink violet,128,105,105
blueberry hill,52,82,132
sweet bluette,216,230,236
jet stream,193,216,233
swiss blue,164,194,228
aqua marina,142,174,218
fresco urbain,96,79,76
finnie gray,181,173,154
iced mauve,197,188,193
magic potion,190,168,169
green tint,219,225,219
white marigold,238,233,208
mulberry wine,163,138,140
green bay,1,90,74
country life,111,106,89
aegean olive,94,90,77
morning dew,222,221,206
vale mist,200,201,184
october mist,183,185,166
raintree green,155,157,136
rolling hills,136,137,115
forest floor,99,101,82
white river,228,227,214
providence olive,173,162,131
flint,87,93,95
pine sprigs,208,233,186
mysterious,70,76,85
skydive,127,183,173
cupcake,116,78,63
deer granite,159,141,125
sugarplum,228,221,233
cobblestone,184,170,157
wrought iron,74,75,76
dufferin terrace,202,191,176
amulet,218,200,155
venezuelan sea,1,108,119
polo blue,51,59,68
farm fresh,197,160,121
scenic view,197,225,173
plum royale,70,61,81
feather gray,197,204,209
mystic lake,139,160,156
napa vineyards,132,173,89
spotswood teal,111,149,135
fresh grass,159,197,122
powell buff,223,205,168
hidden oaks,201,172,140
honeycomb,144,102,66
havana tan,224,205,183
cocoa sand,219,198,173
palm desert tan,201,173,143
saddle tan,186,154,121
acorn,152,118,86
baked pretzel,147,115,85
sedona brown,128,103,79
spring violet,177,173,188
riverbank,139,111,99
morning sunshine,255,229,162
blue,36,57,115
pale oak,222,218,207
grand canyon red,152,69,53
calm,231,229,224
azurite,82,125,143
silver satin,228,227,219
floral white,238,236,222
in the garden,106,118,99
hiking path,159,151,105
luminous days,240,189,81
chameleon,225,227,191
warren acres,216,219,174
shabby chic,203,186,169
dellwood sand,181,160,140
dried parsley,204,201,164
ivy lane,181,177,134
chocolate pudding,141,110,95
cowboy boots,127,100,86
ionic column,232,222,208
rose dust,212,197,187
meadow pink,205,186,174
whispering woods,181,157,142
taupetone,152,126,109
baywood brown,182,153,139
fox hollow brown,154,122,105
sorrel brown,143,111,96
raisin,115,88,73
oregon trail,135,97,80
wynwood,125,92,79
fresh brew,105,80,71
cedar ridge,206,182,171
falcon brown,101,82,70
rural earth,96,81,72
admiral blue,44,56,99
lemon glow,248,247,196
brown teepee,168,128,121
china white,232,229,218
barely teal,212,242,239
spectra blue,153,207,209
perfect peach,252,208,180
golden chalice,173,142,71
wisteria,157,157,167
windsor green,73,80,51
cream fleece,223,212,188
luxe,117,126,147
spring valley,193,204,178
palisades park,170,182,150
fashion pink,255,183,183
pine barrens,208,219,197
herb garden,99,119,74
fresh dew,221,228,209
grenada green,156,176,124
forest hills green,132,149,99
landscape,192,207,169
central park,168,186,138
emerald isle,1,130,89
hickory stick,155,115,110
clydesdale brown,124,67,52
picture perfect,186,221,226
lemonade,251,245,201
black beauty,58,56,55
reid brown,112,70,58
coral pink,250,172,187
killala green,133,204,108
heavenly peace,135,191,204
muslin,226,215,194
pale cherry blossom,225,204,198
dunmore cream,223,207,167
blue moon,196,216,222
bubble gum,255,173,190
purple poppy,173,180,203
pink popsicle,246,127,147
mellow pink,247,233,227
icy purple,215,217,224
lace handkerchief,214,204,185
drummond blue,173,192,190
bonne nuit,125,107,116
strawberry shortcake,246,128,149
lime tart,115,205,137
kalamata,112,81,96
annapolis gray,202,191,176
warm tan,154,115,70
sounds of nature,184,228,161
serenity,175,226,235
randolph gray,89,89,79
maryville brown,158,120,87
pink blossom,221,141,156
bridal pink,254,238,230
gypsy love,167,79,94
toucan black,61,60,65
soft mint,195,233,225
jungle canopy,91,86,57
honey bear,222,192,135
melted butter,243,232,190
cochineal red,159,64,50
mardi gras gold,255,176,1
sweet naivete,237,204,219
bricktone red,157,83,82
eraser pink,233,188,181
tomato cream sauce,224,156,146
ice sculpture,200,214,229
hanover white,239,237,226
citadel,148,167,191
in the twilight,117,126,147
persimmon,190,110,101
north sea,44,60,77
amethyst shadow,111,114,131
pink innocence,234,205,213
scenic drive,157,173,159
urban legend,124,108,79
ivory porcelain,229,221,197
crisp khaki,210,198,169
oak ridge,192,175,141
green tea,163,142,103
silken moss,130,112,79
aged bronze,128,109,71
winter wheat,236,228,208
calypso orange,252,140,61
tawny rose,142,79,59
watermelon red,198,62,71
swiss coffee,239,237,226
fantasy blue,195,214,215
navajo red,172,73,49
mistral,17,86,126
blue heron,93,107,134
wild pink,209,122,146
soft pumpkin,226,162,110
golden archway,249,173,88
fruity cocktail,250,158,73
honey burst,253,208,143
hot spice,241,101,81
pineapple smoothy,251,225,179
golden light,254,221,169
fruit punch,246,141,65
citrus mist,250,233,197
medieval gold,174,135,63
gallery buff,192,182,164
porter ranch cream,253,236,201
sun blossom,255,228,178
aquarium blue,129,192,216
monmouth green,92,195,163
glacial till,196,184,158
bubble tea,201,100,98
nicolson red,101,66,62
victorian lace,239,226,220
ludwell white,249,234,200
cactus green,35,117,67
alaskan skies,218,212,197
fondant,249,238,228
rosy blush,208,70,103
late wheat,203,185,141
bryce canyon,209,124,82
candle light,247,225,205
maple fudge,230,197,140
mediterranean olive,95,91,67
tender pink,219,156,149
jack pine,91,114,106
butterfly wings,253,166,117
tangerine melt,248,132,70
arizona peach,248,231,209
winter melon,251,227,201
peach stone,251,218,189
sunfish,249,209,179
soft salmon,245,198,161
oxford white,241,242,235
kid gloves,179,172,154
greenwich gate,198,191,174
vichyssoise,228,218,188
gray timber wolf,187,194,199
soft pink,254,236,230
phelps black,50,50,51
pearly pink,249,191,185
portland gray,212,205,200
pashmina,188,179,162
elk horn,152,134,105
cool breeze,204,212,205
royal silk,238,233,214
tomato red,216,65,44
deep rose,161,56,48
blossom tint,245,242,217
lemon chiffon,247,244,222
royal linen,245,234,193
cashmere,246,237,199
rock candy,230,230,211
abalone,212,208,200
light as a feather,244,239,209
grasslands,176,179,137
old prairie,227,225,210
champion cobalt,39,73,101
summer plum,124,61,100
wisp of mauve,220,203,196
bracken blue,106,163,172
pearl,168,177,170
salamander,48,63,63
apollo blue,119,133,132
dakota woods green,87,84,69
soft white,251,238,228
yellow marigold,235,168,50
after midnight,52,57,63
touch of pink,254,233,231
smoke embers,194,192,187
san antonio gray,181,179,175
tweed coat,136,131,122
soft beige,252,232,198
nantucket fog,163,181,187
james river gray,135,153,159
bunny gray,215,220,221
silver pine,91,114,106
ozark shadows,183,181,173
galveston gray,154,150,141
charlotte slate,103,122,128
harbor gray,200,200,195
mallard green,42,79,80
sunrise,166,184,206
airway,181,198,216
yin yang,107,131,169
lake placid,198,212,224
stunning,66,75,99
tudor cream,253,232,208
steel blue,136,159,192
riviera azure,158,179,209
york gray,211,204,186
dry sage,164,160,133
wet concrete,157,138,138
sweet innocence,200,206,210
raspberry glaze,173,62,89
space black,52,52,53
gull wing gray,168,175,177
lime sorbet,232,247,226
sabre gray,165,168,159
half moon crest,188,191,185
sleigh bells,204,208,202
herbal escape,175,171,155
winterwood,194,192,178
brushed aluminum,201,199,186
kelly green,1,162,99
garden stone,202,189,151
devonshire green,124,119,102
sage mountain,150,146,128
almond bisque,232,220,188
athens blue,62,117,173
nova scotia blue,108,164,209
faded denim,152,196,224
paradise view,175,212,230
watercolor blue,186,218,232
gray sky,222,230,230
paddington blue,20,106,168
bayberry blue,64,158,210
kurkuma,186,147,88
french toile,163,177,184
early frost,202,207,210
brown,111,74,59
mediterranean breeze,184,213,227
blue suede shoes,48,87,137
hills of ireland,160,228,207
fresh green,132,222,198
damask gold,222,182,89
dusty miller,207,207,193
antigua aqua,200,237,222
dark lilac,85,78,110
boston red,190,59,67
harbor highlands tan,187,142,102
maplewood,150,111,87
old canal,164,122,91
autumn leaf,183,145,108
cafe royal,198,165,134
sycamore,228,196,167
point beach,235,212,188
onyx white,243,228,209
hidden valley,131,95,71
winter gray,209,206,215
rich chestnut,156,73,56
antique lace,247,233,202
soft satin,231,213,197
sheridan gray,212,213,205
french vanilla,244,230,196
salmon berry,239,193,187
lime froth,240,249,224
brownberry,145,85,69
bonaparte,160,63,63
templeton gray,120,135,135
sea haze,180,182,172
olivetint,236,235,215
sterling forest,110,105,79
linen sand,241,233,204
rapture,157,47,60
bride to be,233,221,210
devonwood taupe,129,110,97
beigewood,151,136,120
creekbed,170,155,142
hazelwood,196,185,175
desert light,211,201,190
kitten whiskers,221,212,203
featherstone,227,217,208
north creek brown,102,90,75
northwood brown,112,98,82
nutmeg,196,158,136
crossroads,217,190,174
abbey brown,131,91,74
coyote trail,143,102,83
brentwood,161,115,90
lenape trail,178,126,97
potters clay,186,136,103
grazing fawn,203,163,135
knoxville gray,95,109,109
weeping willow,100,133,106
turquoise powder,136,193,210
colonial verdigris,63,80,52
fox run,168,122,101
roman shade,184,141,118
barely yellow,248,249,220
louisburg green,157,159,136
cushing green,105,119,103
jamaican aqua,180,233,231
abracadabra,202,207,207
caldwell green,99,113,104
forget me not,193,228,228
toffee orange,242,175,133
pink sea shell,255,213,212
bavarian forest,30,70,68
seed brown,114,78,58
natural beech,239,230,200
sea green,164,183,147
lenox tan,195,175,143
brookline beige,193,167,138
jackson tan,171,138,107
richmond gold,184,146,100
black panther,62,64,65
tyler taupe,178,151,112
roxbury caramel,203,164,121
mayflower red,159,99,78
bradstreet beige,210,190,165
mermaid green,134,224,204
jasper yellow,247,237,170
southern comfort,224,204,195
foot hills,140,120,69
strawberry red,196,62,62
sienna,129,71,57
red point sand,180,106,88
huntington beige,187,169,136
stone house,208,187,157
boxcar red,143,81,74
suede brown,112,73,60
louisiana hot sauce,143,64,49
colorado clay,184,141,118
covered bridge,166,90,79
full bloom,255,173,190
soft cranberry,194,141,129
horizon,224,226,220
pecos spice,196,158,136
pom pom pink,234,124,158
sweet pink,247,208,218
tooth fairy,210,240,242
voile pink,253,227,231
kasbah,122,109,112
fresh scent green,50,171,81
chambourd,87,71,79
fairy tale blue,121,204,219
deep mulberry,61,57,70
burnt caramel,200,109,56
maid of the mist,188,199,184
irish mint,223,245,238
black bean soup,70,61,58
pink ruffle,238,183,196
pink harmony,255,223,212
san clemente rose,219,185,162
guacamole,101,104,67
universal black,54,53,54
summer shower,207,222,224
ray of light,241,224,166
forest brown,109,74,59
hibiscus,233,234,160
mudslide,165,129,116
cloudy sky,144,158,159
pine cone brown,96,68,61
orchid pink,241,212,202
baby dreams,246,228,235
peachland,243,172,134
night train,123,133,128
dusty mauve,211,146,134
litchfield gray,214,203,188
baby fawn,218,212,197
smoky mountain,123,133,128
seacliff heights,187,206,201
gold leaf,226,197,121
westminster gold,232,206,142
fields of gold,202,156,67
yellowstone,223,185,103
simply irresistible,242,231,204
woodmont cream,244,236,213
vellum,233,212,162
summer harvest,239,224,184
buena vista gold,215,188,117
blue viola,173,180,203
roasted coffee beans,110,77,64
olympus green,62,89,92
verdigris,86,118,109
whipped mocha,182,157,142
stratford blue,119,134,162
cream silk,243,242,216
cascade,142,174,218
orange burst,246,125,41
damask rose,215,173,185
crisp romaine,69,89,82
italiano rose,212,84,98
green wave,195,219,212
light mint,214,245,238
opal essence,217,232,223
aztec lily,249,226,232
silver cloud,220,228,230
creamy orange,242,198,161
warm springs,172,201,193
daydream,153,193,208
blazing orange,232,82,60
purple cream,241,228,237
french canvas,230,228,213
million dollar red,182,52,45
feather green,200,222,206
slate teal,25,85,107
return to paradise,150,222,200
dark linen,237,237,208
hannah banana,230,195,106
damask yellow,233,206,132
java,104,74,59
amethyst cream,192,174,216
charlton brown,106,62,46
shy cherry,175,66,57
powder sand,246,243,226
tea light,202,209,192
dark chocolate,100,80,67
lemon meringue,255,241,162
seersucker suit,196,200,198
mirage white,236,234,235
interlude,185,163,139
cosmopolitan,188,183,170
truffle,199,177,152
gray cloud,216,221,223
hale orange,201,114,73
dash of curry,197,138,59
belmont gray,228,234,236
classic brown,89,70,60
sandy brown,212,193,158
tofino sunset,231,190,173
light breeze,231,226,204
featherbed,247,240,215
angels gate,246,238,206
spanish white,236,231,211
honey harbor,242,229,197
san diego cream,248,237,212
lacey pearl,233,230,224
blue note,65,76,85
san mateo beaches,245,228,191
ivory white,243,240,224
white swan,234,230,209
bermuda blue,25,94,131
devon cream,250,236,211
twilight magenta,156,75,129
ashby blue,206,216,223
fools gold,161,129,86
antique yellow,248,237,212
silver lining,199,204,208
spring leaf,152,213,120
sea pine,140,149,145
kentucky haze,164,177,175
sharkskin,110,109,95
province blue,131,156,162
mochachino,217,190,174
copper mountain,178,126,97
sierra ridge,203,163,135
lawn green,1,125,98
nature lover,166,171,147
brush blue,66,80,88
homestead,148,153,129
vineland,136,137,115
homestead green,165,188,183
saddle soap,137,107,90
evening sky,71,74,87
harlequin blue,148,167,191
autumn orange,198,119,39
sea view,174,199,213
sheer romance,155,181,200
bright and early,196,217,226
grand rapids,187,210,221
denim wash,134,161,183
old blue jeans,108,138,164
little piggy,255,215,214
intuition,184,207,213
estate sale,173,175,147
startling orange,245,125,28
ivory tower,252,243,229
harbor town,204,204,174
desert shadows,105,86,84
rainstorm,147,150,146
chamber yellow,240,230,187
concord ivory,232,206,142
whale gray,127,131,132
honeymoon,217,187,136
rusty nail,157,97,65
jade green,1,136,75
blue danube,46,90,113
oat straw,208,187,147
citrus green,137,210,127
blue macaw,37,117,164
morning glory,184,222,236
highland breeze,165,213,237
crisp morning air,156,207,230
blue belle island,95,172,210
lake tahoe,67,153,197
tropical orange,204,95,62
boulevard,196,185,175
aquarius,124,190,226
sea to shining sea,110,181,221
papaya,230,216,186
black,50,50,51
bucktrout brown,54,46,44
spring purple,136,131,167
barely there,233,231,223
randolph bisque,235,215,185
stuart gold,223,185,103
mustard olive,161,134,67
big country blue,1,103,178
candle white,243,233,222
dreamy cloud,230,228,232
metropolis,140,133,125
lime accent,230,242,208
neon celery,226,244,202
kitty gray,101,108,105
willow,87,79,73
old world,254,153,143
stampede,134,123,105
salsa,221,72,58
deep river,76,79,75
silver crest,215,222,214
intrigue,130,138,130
millstone gray,107,114,107
silver mink,168,179,177
gibraltar cliffs,144,154,154
pale smoke,202,212,209
wales gray,186,198,196
kensington green,155,186,182
everlasting,221,205,180
royal fuchsia,190,81,113
cypress green,164,162,136
bar harbor beige,208,189,165
hillsborough beige,189,167,141
brandy cream,227,213,195
carlisle cream,221,207,188
deer trail,131,109,85
clay,166,142,115
cambridge riverbed,139,116,92
sunset hill,247,229,215
love story,242,218,199
ten gallon hat,156,104,83
arizona canyon,136,95,77
suntan bronze,183,126,95
careless whispers,233,199,177
ash blue,78,157,175
let it rain,181,210,194
copper kettle,157,103,76
clementine rose,219,185,162
natural sand,236,211,174
limelight,226,229,102
blue porcelain,178,200,204
wythe tan,224,207,158
antique jade,188,199,184
summer peach,253,242,229
powder pink,254,232,229
old pickup blue,177,219,228
chocolate truffle,121,83,64
heather gray,154,162,151
icing on the cake,221,241,238
sleepy hollow,153,140,145
vintage charm,123,112,117
mountain ridge,104,93,96
white winged dove,230,225,220
hampshire rocks,230,225,222
violet pearl,212,208,209
after the rain,194,186,190
pebble creek,176,169,175
etruscan,176,131,86
silver bells,221,218,214
metro gray,203,203,201
chamois,235,211,178
fresh cut grass,232,240,161
teal blast,54,199,169
yellow finch,237,221,114
thyme,158,136,83
seattle gray,221,226,229
stonington gray,203,204,198
mexicana,155,76,62
bashful blue,201,231,244
boston brick,135,76,65
henderson buff,204,187,133
high park,141,154,134
billowy down,205,233,244
hot cakes,244,232,191
light chiffon pink,255,206,217
just ducky,242,224,160
hot tamale,170,53,53
wall street,147,148,147
pumpkin picking,226,162,110
playful porpoise,200,200,195
peppermint leaf,1,153,61
caponata,70,50,52
popcorn,246,243,226
silhouette,88,81,77
baby chick,241,206,1
desert rose,222,183,175
froggy green,197,194,133
spice market,189,164,71
golden thread,215,190,112
cattail,137,100,73
eucalyptus leaf,132,134,95
bahaman sea blue,19,172,191
fire engine,169,68,67
walnut,145,102,89
fancy pants,84,98,144
dark harbor,31,73,81
cream puff,250,234,229
ocean spray,187,235,227
begonia,195,127,155
boston blue,37,44,65
odessa pink,227,201,187
powell smokehouse,143,128,122
black jack,62,62,63
california hills,218,192,114
antique bronze,195,155,78
valley view,235,218,158
yosemite yellow,226,203,133
happy valley,245,233,197
harp strings,242,227,176
leap of faith,195,159,85
fresh air,246,238,209
dark royal blue,21,76,135
peach kiss,247,220,215
beach haven,243,232,204
coronado cream,238,222,184
electric orange,241,113,27
rosewood,184,128,141
byrd beige,229,203,160
beach plum,218,205,220
pale oats,250,223,196
misty teal,181,237,228
essex green,40,55,47
broxburn greige,212,208,200
pale celery,243,236,206
pink lace,246,213,221
fall harvest,201,103,57
iced coffee,153,127,86
posy pink,244,202,216
pale iris,228,205,225
pale sea mist,222,221,178
opal,247,237,224
orange,225,66,44
bahama waters,172,231,206
deep ocean,1,106,134
tropical pool,192,238,223
cashmere wrap,210,186,170
french toast,235,208,161
soft sand,221,206,198
green with envy,67,150,102
mint chocolate chip,213,223,204
van alen green,203,216,193
bold blue,44,54,89
berry fizz,159,64,99
galt peach,207,166,138
rhubarb,191,79,79
brick red,122,60,50
fatigue green,76,76,64
fruit shake,237,190,184
atrium white,243,240,233
buckhorn,133,116,95
mossy oak,124,129,105
stanley park,164,160,136
dune white,237,235,225
turret,172,159,137
chalk white,235,238,236
spanish olive,198,196,175
dewdrop,227,232,221
touch of gray,221,215,222
vintage pewter,161,159,152
african violet,194,186,197
barnwood,131,127,121
maritime blue,179,222,215
fresh olive,172,150,85
tawny day lily,225,67,40
cream,252,235,206
moccasin,224,207,180
brickyard red,153,90,74
dragons blood,172,73,49
golden waffle,242,220,171
raspberry pudding,203,80,91
at sea,197,228,220
white rock,246,239,217
brilliant white,236,239,234
virginia beach,243,223,189
cookie dough,247,228,196
paradise beach,248,239,220
windsor cream,247,235,211
linen white,243,236,219
desert sunset,215,139,27
green earth,232,230,190
shimmering lime,192,233,171
gray pinstripe,121,130,130
apricot tint,250,226,204
bright gold,206,189,72
gulf shores,1,141,136
country redwood,119,45,36
butternut brown,127,89,74
greenhow moss,167,166,109
chiswell blue,130,147,156
brown tar,111,85,65
blue stream,177,202,209
sage tint,192,206,195
sweet dreams,215,232,227
come sail away,222,235,229
emerald vapor,228,239,233
aloe vera,239,243,236
taffeta green,212,231,222
green cast,218,232,224
snow angel,235,241,234
dusty cornflower,141,165,174
seapearl,232,229,218
ravishing red,190,71,57
andes summit,89,101,114
carried away,218,238,226
lakeshore green,217,236,226
citrus orange,248,134,36
starburst orange,234,96,78
woodland green,180,195,182
north sea green,36,110,116
cascabel chile,106,59,61
mississippi mud,83,68,63
antiquity,249,239,205
char brown,91,80,65
museum piece,177,173,164
genesis white,226,229,228
cole stone,163,153,135
teal tone,68,188,183
williamsburg wythe blue,127,159,161
amazon moss,1,113,59
bracken slate,95,100,100
asphalt,128,126,120
royal flush,161,55,96
gamboge,231,179,114
early spring green,183,231,176
ice breaker,232,222,208
alexandria beige,164,147,125
san clemente teal,171,225,224
maple syrup,185,142,97
pink pebble,205,186,174
old stone,212,197,187
pumpkin cream,210,113,67
lampblack,127,130,130
pink fairy,251,225,225
enchanted,176,176,204
raleigh tan,205,176,147
deep space,83,87,91
sea glass,146,159,152
santa clara,88,172,184
sea isle,166,216,221
seabrook,184,224,227
california breeze,159,218,227
adobe orange,212,103,82
evening blue,1,79,148
wilmington spruce,51,147,162
madison avenue,108,193,207
rhythm and blues,139,209,220
brush beige,185,164,136
rocky coast,109,114,114
shaker gray,132,138,139
pebble beach,201,206,206
nightfall,76,79,79
sterling,207,211,207
paper white,225,227,221
adagio,161,169,169
baby fern,103,155,49
serengeti sand,178,143,117
marina gray,174,180,180
silver lake,193,199,198
chocolate mousse,210,193,176
tucson winds,224,211,197
firewood,157,129,110
broken arrow,185,162,141
long valley birch,137,116,98
woodacres,158,136,117
cocoa butter,230,220,207
maple shadows,132,112,94
durango,101,94,79
ipanema,198,164,141
coconut grove,120,95,76
spanish brown,144,119,99
satchel,129,80,50
fraser fir,158,159,112
paper lantern,172,64,49
stonecutter,68,77,80
paradise pink,221,134,167
velvet plum,110,89,85
maidenhair fern,205,208,175
honeybee,240,218,155
rhododendron,243,172,204
springtime bloom,229,126,168
pueblo brown,128,86,76
biscayne shore,176,229,213
albuquerque teal,34,167,141
island paradise,92,194,170
toasted pecan,163,111,88
tuscany,189,140,111
spring breeze,201,237,224
gondola ride,56,93,80
apricot beige,227,194,172
onondaga clay,143,81,74
san carlos tan,208,167,142
outer banks,221,184,160
spiced apple cider,194,122,107
mesa peach,213,156,139
warm sienna,166,90,79
baked terra cotta,180,106,88
pumpernickel,118,77,65
grandfather clock brown,131,92,73
studio clay,160,143,133
forest valley green,139,172,153
lemon freeze,241,241,160
cambridge green,116,128,107
clear skies,211,235,237
flower power,207,207,75
sugar cookie,250,243,225
willow grove,101,129,109
casco bay,49,111,110
gothic green,87,113,96
sweet salmon,254,229,210
amethyst sky,164,149,154
dusk to dawn,181,170,176
piano concerto,197,189,193
grape green,214,217,106
raindrops on roses,229,222,223
deep indigo,74,73,77
guesthouse,203,168,123
irises,133,138,155
fort sumner tan,156,114,74
classic caramel,184,146,100
buffett green,39,94,66
middlebury brown,106,90,78
apple green,211,226,106
soft green,213,245,238
pinch of spice,119,96,98
frozen in time,147,130,136
military tan,178,157,105
garden path,168,181,163
utah sky,29,149,209
rosepine,116,127,108
wythe gold,213,189,128
refreshing teal,217,247,237
nob hill sage,192,210,192
herb bouquet,152,165,148
nighty night,59,101,126
barely beige,234,222,198
mars red,147,72,56
warm brownie,127,86,75
oak grove,120,127,86
cimarron,118,68,50
liberty park,175,183,143
spring meadow,200,206,174
mosaic glass,213,219,192
vintage vogue,87,94,80
bluebelle,169,214,240
misted fern,151,155,115
dill weed,172,178,143
lily pad,186,195,163
angelica,213,207,204
red,202,47,47
yellow green,1,139,50
violet mist,202,209,217
pine forest,175,194,174
creamy white,228,221,201
opaline,238,233,214
wind chime,200,203,183
icy blue,214,236,239
jojoba,134,139,117
day at the beach,253,234,190
flying saucer,181,179,175
sun porch,249,215,11
copper mine,135,78,60
elephant tail,204,199,185
solar system,71,86,103
hound dog,139,120,101
turquoise mist,195,210,199
hunter green,43,70,62
almost black,80,79,84
dragonwell,150,127,56
camel hair,199,169,132
decorators white,236,238,235
sweet cream,240,233,203
norway spruce,156,174,152
caribbean blue water,1,124,143
tapestry beige,220,216,198
pink pansy,221,171,194
blue lapis,99,138,199
rabbit brown,123,87,73
heaven,226,227,230
stratton blue,148,170,161
dream whip,245,216,210
baby green,217,244,237
adirondack green,137,152,127
pistachio ice cream,219,218,189
fog mist,227,222,209
sea urchin,226,208,182
frosted petal,250,237,232
pale avocado,212,208,144
whitall brown,124,109,94
scuba green,130,222,209
jamestown blue,131,161,167
raspberry ice,236,228,235
tropical fruit,210,129,110
adobe white,251,238,220
iceberg,215,225,225
sandcastle,219,203,171
neon red,185,46,52
hampton green,232,221,175
flush pink,249,232,235
peach nectar,254,228,210
scout green,204,200,177
rosemary sprig,161,163,127
blue pearl,148,161,190
raspberry truffle,147,54,57
limesicle,228,229,203
summer mist,158,179,209
dill pickle,197,194,133
barley,238,216,165
cornsilk,243,226,181
classic burgundy,106,25,27
mineral ice,222,226,226
french horn,192,151,83
hathaway gold,214,176,113
goldenhurst,177,136,74
macadamia nut,245,227,193
pearly gates,248,238,214
dijon,226,195,140
key west ivory,238,214,173
foggy morning,237,228,221
irish spring,221,247,236
cloudy gray,235,229,223
gladstone tan,173,131,86
hilton head cream,235,215,183
franklin white,242,232,213
frappe,232,220,196
soot,56,61,66
desert beach,192,148,101
jute,218,211,191
blue grotto,54,58,100
wizard,65,71,110
french violet,106,110,135
blackberry punch,64,66,81
yellow,255,213,1
boardwalk,214,180,136
basic blue,64,70,126
tuscany green,85,85,72
camel back,206,167,117
fossil,228,222,207
nightfall sky,112,102,121
flame,232,82,55
north hampton beige,196,185,175
herbes de provence,175,170,144
radicchio,106,54,66
mountain air,197,195,177
fennel seed,228,200,158
backwoods,89,99,82
peerage,80,60,81
bed of ferns,154,147,118
jester,91,55,71
orange parrot,213,102,63
scandinavian blue,79,79,141
white cloud,251,244,227
steel wool,121,124,126
cream froth,251,244,228
butterfly kisses,246,228,205
florida beaches,248,236,219
mystical powers,248,232,213
white mountains,245,235,214
evening white,244,231,212
white blush,247,241,226
white water,199,204,208
apple lime cocktail,121,186,67
pelican beach,246,235,215
antique white,243,230,212
wood grain brown,105,86,78
pilgrimage foliage,174,90,54
hot spring stones,202,191,176
chippendale rosetone,215,180,164
monarch gold,231,201,164
chili pepper,178,65,65
bone china,221,212,203
celery ice,220,244,204
deep royal,48,58,76
thundercloud gray,185,190,193
smoky green,200,208,201
taupe,91,69,49
hint of mauve,196,171,162
sleeping angel,226,236,214
watertown,92,127,184
reflection,213,236,219
new retro,217,238,197
appalachian green,232,238,218
green essence,228,237,218
white diamond,237,240,237
dark pewter,76,88,87
athena,222,218,207
canyon rock,179,108,94
dark teal,38,91,95
carrot stick,253,150,56
upper west side,176,168,156
lime twist,174,210,139
castle gate,145,138,129
capitol white,246,243,230
greenbrier beige,188,172,143
parish white,239,236,217
bittersweet chocolate,68,56,50
flawless,238,220,190
crushed berries,181,69,124
fine china,252,243,221
richmond bisque,218,199,167
lancaster whitewash,231,226,204
briarwood,161,153,138
revere pewter,204,199,185
edgecomb gray,218,212,197
springtime green,176,234,214
wickham gray,213,217,211
antiqued aqua,118,160,155
lavender mist,208,208,225
huntington white,240,239,228
gypsy pink,172,50,99
richmond gray,207,200,171
authentic pink,247,201,203
midnight dream,51,53,55
brazilian blue,111,149,205
garden view,1,155,124
harbor side blue,93,182,186
san jose blue,45,156,162
largo teal,36,120,124
true blue,109,187,235
indigo,162,208,216
blue rapids,150,201,211
saint martin sand,210,184,164
bayville blue,114,175,188
blue toile,86,153,170
bainbridge blue,52,104,124
green leaf,1,157,126
earthly russet,129,70,50
ashmead gray,215,217,208
berry wine,213,77,88
pale almond,232,220,196
rosemary green,124,167,65
carbon copy,57,54,56
lido green,212,234,221
tranquility,188,196,188
azores,138,161,153
cool aqua,25,176,188
weathered oak,134,105,71
lambskin,233,221,201
sierra hills,206,186,160
sherwood tan,185,162,132
algonquin trail,167,141,109
edgewood rocks,153,125,94
maple valley,140,116,86
mohair,231,215,189
ocean city blue,152,179,184
head over heels,240,223,211
southern vine,80,74,60
pink begonia,237,177,203
lost locket,188,169,164
golden divan,189,169,123
quietly violet,146,121,119
whitestone,202,207,207
mannequin cream,248,237,211
candy stripe,251,227,237
in your eyes,219,230,227
palermo rose,211,155,157
toasted mauve,200,135,141
copper patina,176,216,204
tara,230,183,192
hummingbird,217,160,169
princess,199,135,146
prom dress,175,109,118
warm earth,146,78,79
rose rococo,245,216,214
petunia pink,236,200,202
engagement,229,179,182
gaucho brown,170,134,116
mayan green,1,186,153
yew green,196,208,1
davenport tan,139,120,101
pine green,46,94,91
carrington beige,219,210,184
pacific sea teal,40,65,68
antique pearl,229,223,222
blue lagoon,65,157,173
silver chain,200,200,195
gray huskie,183,181,173
bear creek,115,107,99
shoreline,218,217,212
squirrel tail,142,137,123
deep creek,108,102,92
cape may cobblestone,174,172,163
graystone,154,150,141
valley forge brown,147,115,85
eggshell,248,249,221
alaskan husky,213,216,211
van buren brown,96,80,71
everard gold,174,150,104
massicot,200,150,86
bird of paradise,231,112,105
habanero pepper,211,87,75
geranium,194,77,70
tucson red,167,77,68
spanish red,153,73,66
sweet rosy brown,127,75,71
smashing pink,255,194,192
seafoam green,185,239,225
bassett hall green,168,168,136
red parrot,185,74,70
moroccan red,169,68,67
nocturnal gray,86,102,108
copper clay,143,68,51
cocoa brown,117,78,65
laurentian red,127,75,71
glade green,222,226,203
victorian mauve,195,182,184
lewiville green,186,184,145
costa rica blue,117,187,228
chopped dill,131,128,88
shady lane,119,118,78
pine brook,111,117,81
springview green,227,228,205
dune grass,219,218,191
log cabin,134,93,64
muddy york,181,157,142
nightingale,183,181,179
stone castle,203,190,176
fusion,166,163,161
foxy brown,186,142,126
old montreal,203,186,169
lush,116,129,114
blue flower,182,219,229
flora,164,173,159
sun washed,254,239,230
giant sequoia,152,93,76
hasbrouck brown,102,77,68
rainforest,203,211,174
caramel apple,154,125,88
bluefish,193,224,232
twinkle twinkle,155,181,200
white opulence,246,243,238
root beer candy,115,79,64
escarpment,163,158,151
pacific ocean blue,1,96,112
magenta,157,41,76
super white,242,243,239
tea party,231,155,150
fiddlehead green,42,99,84
deep caviar,74,67,67
tree frog,222,221,178
cranberry cocktail,132,64,78
summer blue,147,180,225
apple slice,237,237,208
misty memories,203,205,212
branchport brown,97,82,75
jack and the beanstalk,204,217,199
capri seas,76,189,172
waterslide,158,206,204
snow day,232,240,237
country pink,255,206,217
mocha cream,212,202,190
aztec yellow,185,145,70
apricot ice,253,243,226
hiking trail,158,136,117
green sponge,35,196,176
monticello rose,209,175,160
wild orchid,150,127,154
flagstone,151,136,120
gotham,136,127,121
rainforest dew,232,230,190
yellow haze,255,222,167
happily ever after,255,202,100
ribbon pink,251,213,220
lemon,255,197,1
soft fern,201,203,179
gothic arch,158,151,141
passion plum,119,76,111
fernwood green,205,205,164
spring dust,212,195,130
citron cocktail,210,233,166
metallic silver,196,202,206
cougar brown,157,130,117
purple hyacinth,171,128,166
pinot grigio grape,112,98,120
carter red,193,113,97
smoldering red,164,59,46
ice formations,204,199,185
twilight,38,69,86
sea froth,217,208,200
celtic folklore,203,228,147
somerset white,237,239,235
crestridge white,236,238,235
wicker basket,181,164,137
dogue gray,231,233,226
bancroft white,247,247,238
bonifant white,238,239,236
dulce de leche,224,212,190
harmony,222,205,178
rouge,179,83,94
distant gray,243,245,242
willard white,242,246,242
hush,213,202,176
lily lavender,220,207,233
iron mountain,88,86,84
greenwich village,148,166,141
meditation,172,164,141
heather field,167,167,190
dark olive,98,99,84
gecko green,206,224,168
black tar,57,58,59
spring fresh,138,215,190
tangerine dream,242,104,81
refined,223,224,206
amber waves,237,192,128
battenberg,234,230,209
celadon,162,224,204
plymouth brown,128,103,79
bright lime,181,203,1
cedar grove,171,188,166
rosamilia green,103,192,161
grape gum,66,62,110
new england brown,159,115,110
deep jungle,49,107,88
doily,203,200,181
lion yellow,251,233,207
peridot,36,138,103
brandon beige,176,166,144
coastal fog,203,197,177
muskoka trail,230,225,209
stone white,224,228,228
quartz stone,204,234,223
olympic mountains,227,222,209
hearthstone brown,97,78,69
spearmint ice,213,237,223
raccoon hollow,158,146,126
glowing umber,214,158,79
morning light,247,237,212
beverly hills,242,203,128
pan for gold,237,180,94
harvest time,235,208,161
goldfinch,230,197,140
ivory lustre,243,231,201
precious ivory,242,221,182
eye of the tiger,228,179,112
baby girl,246,173,189
somerville red,155,110,108
tuscan tile,215,151,122
cherry burst,160,36,62
mount saint anne,164,177,175
dark lime,154,177,10
midnight,56,62,64
raspberry blush,216,96,87
kansas grain,249,233,205
annapolis green,194,211,207
bath salts,219,235,222
santa fe tan,160,128,116
new london burgundy,118,76,79
mountain mist,213,222,221
morgan hill gold,209,161,92
burgess green,187,190,154
shale,196,190,178
apparition,205,201,191
pumpkin blush,205,128,46
cascade mountains,230,231,221
stonewashed,229,236,229
oystershell,213,217,211
glacier lake,212,223,221
malibu peach,254,201,183
marmalade,255,187,114
queen anne pink,242,218,199
miami teal,80,195,178
shell pink,249,235,228
feathered violet,234,232,233
pink essence,242,236,233
white zinfandel,245,240,235
pink cloud,249,230,222
blanched coral,249,234,225
key pearl,246,229,224
hint of pink,248,233,227
winter sky,245,236,224
patriotic white,229,238,236
just peachy,241,214,207
biscotti,201,173,143
frosted berry,192,165,161
city shadow,99,101,100
blue spa,74,159,162
coventry gray,185,187,183
chelsea gray,135,133,125
boothbay gray,171,179,177
jicama,243,223,189
amherst gray,118,119,113
fresh mint,221,247,234
subtle,243,232,208
bronzed beige,233,217,174
duxbury gray,128,135,128
brewster gray,139,151,151
bittergreen,135,112,76
whisper violet,230,230,238
fair isle blue,74,111,116
pure white,230,232,229
majestic yellow,237,214,90
pink punch,235,167,170
carob,141,112,94
iced mint,237,248,225
artichoke,84,82,65
garrison red,141,90,87
jolly green,173,200,117
butter cookie,234,225,193
rocky mountain sky,16,152,217
summer nights,53,89,109
marsh brown,127,89,62
blue allure,193,224,232
galaxy,66,62,69
athenian blue,132,185,209
desert twilight,142,141,128
stone hearth,197,187,171
fairview blue,170,213,232
skylark song,181,220,235
malachy green,150,204,85
ivory tusk,249,242,222
vanilla ice cream,251,244,225
otter brown,85,73,58
pittsfield buff,222,205,168
navajo white,239,232,214
windswept,248,240,221
hodley red,120,78,75
coastal paradise,122,214,203
lancaster white,231,226,205
baby boy blue,123,208,218
blair gold,189,165,113
blue ridge mountains,131,105,74
scarecrow,170,143,106
spice gold,189,165,127
deer path,194,168,126
lady finger,224,207,175
lighthouse landing,232,218,191
proposal,233,218,213
nordic gray,159,145,122
toasted marshmallow,142,111,68
deep ochre,168,137,92
charmeuse,220,205,195
hudson bay,64,83,103
night horizon,76,68,62
lightning storm,249,238,169
knitting basket,198,184,173
newborn pink,246,209,226
rocking chair,214,204,191
iced cube silver,221,226,226
unspoken love,243,205,208
cotton candy,247,224,225
wild blue yonder,122,143,154
oceanic teal,136,198,195
lake victoria,157,210,206
victoriana,211,181,180
paris romance,225,203,204
paisley pink,233,216,214
el cajon clay,100,70,68
ruby dusk,110,67,68
love affair,134,90,94
deep mauve,154,111,112
mauve mist,191,154,155
cappuccino,203,176,162
gloucester green,219,213,179
oasis blue,35,91,94
buttercup,214,162,76
new lime,211,215,19
warm sunglow,205,153,108
yukon green,48,84,80
summer lime,244,246,198
savannah shade,146,135,90
dreamcatcher,157,194,179
seaside blue,129,193,208
mexican hot chocolate,140,93,44
green cove springs,227,242,210
highlands green,60,127,112
eagle rock,140,133,125
willow creek,163,158,151
silver marlin,193,201,194
nimbus,208,205,197
light pewter,220,217,207
baltic gray,181,179,175
sterling silver,161,159,158
light daffodil,243,243,196
topeka taupe,97,85,80
gray mountain,122,115,114
yours truly,246,221,218
umbria red,166,65,73
poppy,190,59,67
ryan red,204,72,71
milano red,217,93,103
potpourri,232,132,142
confetti,248,181,191
firefly,239,197,100
heartbeat,239,153,159
bed of roses,247,194,199
spring meadow green,168,217,116
full moon,224,227,228
caliente,139,40,41
timson green,111,117,59
hawthorne yellow,246,226,165
sandpiper beige,216,195,174
nubuck,202,176,153
folk art,210,211,162
shore line,181,160,140
thunder,190,185,174
elk,166,142,115
red tulip,225,77,92
thornton sage,211,218,203
sweet daphne,193,195,135
urban nature,178,182,151
peach cloud,255,225,212
barrel brown,104,72,59
polar white,233,233,240
byzantine,172,114,66
palmer green,96,94,58
pearl gray,222,226,217
patriot blue,25,75,125
dalila,255,226,130
sand pebble,196,170,160
excalibur gray,170,172,183
golden groves,251,208,113
crowne hill yellow,252,220,145
green gables,53,130,112
new hope gray,157,169,180
hay stack,254,239,179
pernod,251,242,199
oxford gold,255,190,71
imperial yellow,253,198,81
old claret,152,77,101
windmill wings,189,211,238
butter pecan,249,242,226
townsend harbor brown,100,70,68
winter ice,219,229,227
normandy,110,127,138
whispering peach,255,226,208
white heron,241,242,235
custis salmon,223,157,142
onyx,54,53,53
wheeling neutral,207,191,161
from the archives,228,207,173
shore house green,140,217,206
desert green,187,202,181
porcelain,209,198,198
light touch,212,245,236
raphael,89,57,54
alligator alley,99,110,82
gerbera daisy,255,232,204
land of liberty,137,151,115
lavender lipstick,190,172,195
pink petals,240,206,218
holiday wreath,92,107,92
coffeehouse chocolate,81,57,46
pinelands,113,130,108
huntington green,150,166,79
april pink,244,219,214
forest moss,155,153,62
sweet orange,255,196,112
cherry wine,174,73,92
elephant pink,251,232,234
purplicious,78,52,85
clinton brown,102,86,75
sunshine,255,207,12
aegean teal,112,138,140
silken pine,225,228,213
bed and breakfast,194,137,115
perennial,168,182,85
frontenac brick,189,140,111
teal,21,70,83
savannah green,187,161,80
butter rum,241,202,162
pilgrim haze,159,168,174
driftscape tan,194,173,163
aberdeen green,196,217,205
cathedral gray,148,139,125
electric slide,198,211,92
pastel pink,251,204,209
erin green,1,146,123
maple leaf red,146,69,68
celtic green,13,102,71
sandlot gray,190,176,167
wythe khaki,179,170,145
stoneware,240,235,220
ellsworth khaki,207,204,187
stratton khaki,215,207,178
brownstone,79,68,62
mayfair white,239,240,230
grantham blue,234,240,238
albemarle blue,222,230,230
exotic purple,68,52,78
bridal bouquet,176,204,190
bracken cream,235,225,197
candy green,205,220,122
bright yellow,255,220,1
antler brown,118,80,64
strawberry field,160,76,62
purple haze,131,128,147
wheatfield,248,219,174
valentine memories,249,222,217
rainforest foliage,17,91,61
appalachian trail,162,191,176
clover green,33,116,56
raccoon fur,71,75,78
majestic violet,59,53,81
cherry malt,194,159,156
egyptian clay,170,89,69
renaissance gold,172,144,79
manila,245,215,175
meadow mist,235,235,217
old salem gray,165,155,122
dark burgundy,103,52,72
white sand,225,217,199
smoke gray,118,124,131
natural linen,216,206,184
dove wing,234,231,220
maritime white,230,223,207
cornwallis red,190,71,57
sour apple,227,237,181
soft chamois,233,230,217
china red,176,93,75
buckland blue,98,135,152
pink starburst,229,128,145
sag harbor gray,185,175,150
luxurious gold,215,190,105
taiga,150,146,128
northern air,161,191,207
vintage taupe,243,238,233
parsley snips,118,150,126
polar lights,233,241,196
georgetown pink beige,224,194,172
claret rose,202,80,68
cable knit sweater,132,161,174
bellbottom blues,57,108,141
surf green,202,237,219
wild rice,238,227,221
victorian trim,171,177,220
river gorge gray,161,155,138
kendall charcoal,104,103,99
mauve hint,239,228,223
northern cliffs,187,182,168
sand dollar,241,236,229
fanfare,226,231,230
blue veil,218,225,226
sweet taffy,251,206,222
seattle mist,202,198,185
mountainscape,230,232,229
tomato tango,192,64,46
rodeo,209,206,195
yellow freeze,252,248,222
melon popsicle,255,217,167
bayleaf,126,116,94
majestic sage,144,135,108
pink damask,247,241,232
warm blush,249,232,219
ambrosia,248,234,221
sheer pink,246,227,214
victorian garden,169,162,138
love always,240,217,199
butterfield,249,241,221
country white,250,234,210
secluded beach,248,226,192
soho loft,154,149,147
senora gray,193,188,170
tropical oasis,90,126,126
arctic seal,109,108,110
pink paradise,253,177,164
newborn baby,255,194,183
pink powderpuff,255,214,204
picante,235,110,91
tucson coral,244,128,108
pink polka dot,249,150,134
santa barbara green,193,240,220
sea salt,213,208,196
blushing brilliance,249,202,193
pale pink satin,248,216,205
waller green,55,59,51
newburyport blue,71,86,103
crushed velvet,142,46,73
narragansett green,68,82,86
pure essence,197,222,204
golden hills,226,214,171
sioux falls,128,150,143
brick house tan,201,189,168
face powder,234,203,167
everglades,132,173,158
avalon,112,144,143
hidden cove,223,215,192
washington blue,49,71,87
abingdon putty,215,207,178
barrett brick,141,81,90
peach cobbler,246,164,135
lilac hush,215,211,206
hot lips,189,67,128
anjou pear,200,183,122
glamour pink,212,121,121
rich clay brown,139,100,73
shadow,82,75,89
rock gray,128,132,135
carter plum,116,69,81
whipple blue,119,159,177
pacific palisades,1,131,154
coat of arms,61,109,123
baltimore sky,70,174,191
wandering heart,210,188,130
delano waters,161,215,227
light blue,203,233,244
crystal springs,201,231,235
cork,210,177,114
pompeii,246,235,215
rustique,125,63,47
white ice,235,239,234
tea room,161,111,105
blue seafoam,176,228,234
indian white,238,229,209
white,238,239,236
basil green,87,146,41
weston flax,243,230,187
candy cane red,171,38,61
hillcrest tan,161,133,98
bayshore beige,230,214,196
great plains gold,177,153,123
alpaca,222,202,173
fairway oaks,202,180,149
sand dunes,235,219,195
malton,232,217,191
barley harvest,194,158,116
fairmont gold,168,128,88
dorset gold,222,183,116
palace tan,158,145,115
bedford blue,79,116,141
market square shell,198,189,163
under the big top,189,213,222
colonial blue,130,163,183
labrador blue,128,158,173
west coast,108,137,150
alfresco,104,130,144
vermont slate,77,100,111
barbados sand,233,219,194
oakwood manor,219,203,173
bridgewater tan,202,175,133
simple pleasures,195,166,122
butternut squash,196,156,117
warm apple crisp,175,130,88
glazed pear,170,124,85
french white,235,224,202
spring sky,184,215,212
spirit in the sky,144,189,187
azure water,105,156,154
toasted almond,180,151,103
byzantine gold,169,136,92
intercoastal green,47,118,115
palm coast pale,249,244,214
teal ocean,42,120,124
spicy mustard,205,150,62
harvest moon,220,133,81
crocus petal purple,155,129,186
light mocha,227,208,197
seaport blue,1,111,162
butter milk,252,236,194
anderson blue,151,192,185
lime green,152,194,1
danse du soleil,250,216,150
outer sphere,203,234,220
deep carnation,234,124,158
corn silk,254,239,179
approaching autumn,219,175,134
oriental iris,181,190,218
persian violet,147,156,195
evening skyline,146,138,140
norwich brown,150,129,94
whisper,214,214,209
iced lavender,211,211,221
north cascades,196,195,209
central mauve,167,167,190
super nova,82,77,91
lavender secret,219,222,235
whispering wind,214,219,231
english hyacinth,201,209,228
ladybug red,177,63,68
currant red,161,62,66
florida pink,232,112,118
bubble bath,248,163,181
gypsy rose,236,133,151
may flowers,251,199,210
pure pink,251,183,198
natural cream,219,214,199
deco rose,222,104,122
drop dead gorgeous,188,67,85
amelia island blue,38,200,176
silver streak,118,124,132
santa monica blue,59,111,141
penny,153,111,80
cherokee brick,141,81,90
marlboro blue,150,186,199
fresh clay,140,81,67
americana,1,118,149
burnt cinnamon,124,70,51
raspberry patch,202,83,128
eternity,191,195,195
tricycle red,212,59,66
hawaiian breeze,172,212,227
metropolitan,187,190,185
cleveland green,143,130,100
evening grove,112,103,79
going to the chapel,225,223,210
hushed hue,227,223,208
inner balance,206,200,180
embassy green,185,175,150
croquet,179,183,160
early morning mist,220,217,202
stingray,207,204,187
fading twilight,141,90,87
beaujolais,120,78,75
dusty ranch brown,161,127,114
ambiance,249,239,205
sea life,124,125,137
black pepper,114,125,135
glen ridge gold,227,174,75
you are my sunshine,251,240,207
old world romance,252,236,194
shooting star,253,231,177
country comfort,250,216,150
lion heart,246,203,122
corn husk,248,189,88
ecru,254,240,227
captivating teal,87,164,147
white satin,216,230,243
sidewalk gray,204,207,209
tint of mint,235,240,224
manor green,1,108,92
perfectly pesto,134,126,68
kokopelli teal,107,184,168
martini olive,187,184,98
black raspberry,78,62,76
tucker chocolate,75,65,63
funky fruit,255,213,171
princeton gold,195,171,109
salmon stream,159,94,76
handmade paper,238,234,202
heather pink,232,192,187
autumn red,236,139,154
green thumb,142,174,98
split pea,178,174,86
woodland snow,248,240,226
white vanilla,253,245,223
patriot red,159,60,70
clay beige,218,208,188
coral bells,190,123,101
palace green,119,141,111
bluebird,213,227,229
lichen green,169,148,68
purple tutu,200,196,218
cloud nine,239,240,230
irish clover,1,125,87
driftwood,152,133,120
tucker gray,145,151,153
smoky ash,154,140,118
egg hunt,206,192,210
eclipse,114,122,129
ocean air,212,226,226
angel pink,253,226,228
rosy glow,235,175,191
rose quartz,231,85,89
woodland white,227,232,221
deep sea,55,115,99
marbury brown,87,74,67
rose parade,193,51,75
pinecrest gray,154,150,141
asford greige,185,178,168
bare essence,223,209,186
pink cherub,249,206,226
leland white,239,241,239
bayard blue,65,76,85
dumbarton white,242,245,242
hemp seed,210,198,169
bennington gray,195,182,155
november rain,225,223,209
country lane,155,71,56
alpine trail,90,159,133
sun kissed yellow,255,215,1
mortar,143,130,107
morrel,179,151,121
golden mist,233,186,130
vine green,48,126,64
anchor gray,93,98,104
etiquette,230,225,214
barnboard,140,131,117
rose silk,222,196,193
jade romanesque,98,101,80
barren plain,212,209,202
antique parchment,219,202,172
ocean beach,227,211,180
irish moss,53,127,81
romantic pink,253,228,232
natural wicker,232,223,203
feather down,231,225,208
cayman islands,227,213,190
berber white,220,211,189
spring in aspen,228,221,201
silver spring,164,171,177
palace white,235,225,201
natural leather,215,179,142
stolen moments,224,227,199
ming jade,1,117,94
pampas grass,233,222,217
tree moss,185,185,162
sheer bliss,209,222,230
misty blush,222,204,196
ashley gray,166,155,142
in the tropics,60,153,163
avalon teal,39,119,143
stone,135,129,127
creamy beige,255,235,202
espresso bean,60,51,49
limeade,177,190,78
blushing bride,246,172,198
dawn pink,255,186,180
rose reflection,254,219,214
moonlight,255,244,197
cedar key,216,207,192
hathaway peach,242,203,168
hemlock,118,150,155
silver sage,211,213,197
woodlawn blue,194,209,203
wedgewood gray,173,192,190
van courtland blue,135,153,159
palladian blue,194,210,202
wythe blue,171,191,181
greenwood lake,149,226,195
hollingsworth green,205,213,197
prescott green,191,202,184
candle glow,206,189,151
buxton blue,158,183,187
seaside resort,112,171,181
pink canopy,252,191,179
paradise peach,248,163,147
coral reef,240,141,126
fan coral,238,124,109
soft glow,221,99,78
soft shell,248,220,208
bermuda pink,255,215,203
phoenix sand,250,197,180
monticello peach,246,165,141
salmon run,242,148,121
grecian green,196,200,178
modern romance,132,68,80
revolutionary storm,146,134,121
everard coffee,139,123,103
laguna blue,1,114,157
lizard green,52,162,35
army green,107,105,86
light salmon,247,213,194
ballet white,230,225,209
buttermilk,244,235,209
rosy apple,178,77,70
earth brown,112,72,60
poseidon,1,167,162
eccentric lime,192,197,41
icy moon drops,212,241,241
twilight zone,53,53,54
paradiso,170,196,199
terra cotta tile,162,77,63
honolulu blue,164,215,243
hidden falls,66,85,82
desert tan,231,208,162
fort pierce green,112,144,143
boca raton blue,131,164,164
mexicali turquoise,121,207,205
cinder,135,134,132
lingerie,213,182,150
caribbean cool,136,214,210
green grove,86,81,67
serendipity,218,177,146
hint of mint,218,221,205
pale vista,229,239,201
make believe,203,193,167
van deusen blue,73,92,111
just beige,199,171,161
twilight gold,202,173,135
squire hill buff,219,197,164
levingston green,201,205,174
brunswick beige,195,167,129
blanched almond,212,191,159
gingersnaps,171,134,92
baked cumin,183,152,109
wood ash,239,229,209
gettysburgh gold,153,115,73
blond wood,227,207,176
geddy white,233,228,204
summer day,152,196,224
williamsburg stone,211,200,169
saratoga springs,148,178,189
blue haze,204,221,224
in the midnight hour,66,87,100
mozart blue,84,115,133
sea reflections,113,147,164
mediterranean sky,165,194,206
heaven on earth,196,216,222
polar ice,213,227,229
creamy satin,235,215,190
french manicure,242,227,207
vero beach tan,143,113,87
lake shore trail,150,117,90
beach house beige,181,151,123
cream soda,202,176,153
white oaks,224,206,188
brookdale gardens,135,199,179
chilled chardonnay,212,179,143
home sweet home,230,203,173
yellow oxide,198,143,57
pumpkin pie,209,119,65
greenfield pumpkin,156,114,74
incense stick,89,72,69
early sunset,241,229,221
beacon gray,206,216,223
california blue,1,84,130
newt green,140,126,68
randolph stone,133,126,112
monroe bisque,219,203,171
quincy tan,192,175,141
mayo teal,86,136,136
yorkshire tan,193,177,141
everard blue,62,85,90
woodstock tan,164,144,107
winchester sage,130,165,137
crystal blue,217,236,234
dragonfly,62,98,95
shelburne buff,204,182,142
polished slate,79,109,108
lavender wash,208,213,216
violet dusk,218,220,227
white violet,234,236,231
mythic,96,90,97
simply white,247,247,238
french lilac,200,196,218
spring iris,212,210,225
nosegay,225,226,233
your majesty,100,81,132
mauve bauhaus,95,84,133
purple heart,138,127,171
snugglepuss,157,149,188
crocus,179,171,201
green coral,128,222,208
serene breeze,206,223,212
dakota shadow,82,94,82
misted rose,241,181,194
powder blush,247,215,215
pony brown,142,100,70
under the sea,73,97,86
cactus flower,233,103,117
pretty in pink,240,149,158
mediterranean spice,177,67,84
ballet slippers,248,218,216
my valentine,166,66,78
romance,246,178,188
mesquite,196,199,165
dartsmouth green,117,143,137
tate olive,130,129,103
pink hibiscus,235,192,186
pleasant valley,178,194,182
camellia pink,230,191,188
nickel,163,170,178
colony green,205,218,208
storm,160,161,159
mandarin orange,255,168,7
morristown cream,225,207,202
wild aster,233,218,213
monet,192,165,161
sonoma clay,208,184,178
sequoia,135,106,100
barberry,166,136,134
bridal rose,235,226,223
homespun charm,206,186,188
organdy,224,210,209
agave,173,170,111
roosevelt taupe,128,120,103
wildwood crest,146,139,121
castleton mist,219,212,162
beacon hill damask,230,220,172
greenmount silk,237,229,197
lemon grass,253,236,158
early dawn,251,242,188
windham cream,246,234,200
bryant gold,214,167,96
delightful yellow,249,226,102
limon,248,229,130
old straw hat,250,243,203
bold yellow,255,222,58
savory cream,237,226,219
pineapple grove,251,235,159
smoke,187,201,202
salmon mousse,219,165,147
peachy keen,255,167,127
raisin torte,116,57,64
summer melon,252,205,180
tundra,227,229,228
corn stalk,187,206,161
amazon green,66,85,88
rolling hill green,1,145,123
veranda view,208,223,182
powell gray,91,102,109
dark nut brown,121,86,73
morning walk,215,209,154
night shade,69,59,55
dinner party,119,55,56
turkish bay leaf,202,192,129
purple lotus,97,76,99
roasted sesame seed,225,186,128
peach sorbet,255,182,120
genuine pink,200,129,135
rosy tan,210,155,150
strawberry sorbet,247,183,196
granny smith,210,211,87
yellow flash,255,190,1
geddy verdigris,47,140,127
mauve desert,178,163,165
hazelnut cream,242,226,205
peatmoss,118,76,66
avocado,111,117,59
willow green,160,141,64
goodwin green,68,89,82
pale daffodil,255,237,200
silver dollar,180,178,177
old navy,47,54,74
bison brown,103,76,72
snowfall white,247,248,239
rocky beach,178,166,146
pinky swear,222,205,190
prairie green,11,152,110
rockies brown,112,90,76
black horizon,69,73,78
gossamer blue,180,201,201
inukshuk,206,197,182
precious pink,213,131,150
tandoori,166,86,40
mystical grape,103,76,135
peanut shell,193,158,116
delafield gray,224,228,228
coral essence,223,125,132
chesapeake blue,149,193,199
fenwick white,230,228,213
clearest ocean blue,50,150,203
taste of berry,204,127,150
linnean green,225,228,213
clarendon green,225,223,209
denton gray,192,193,178
kentucky birch,128,109,88
whitehaven blue,235,239,234
georgetown blue,194,209,203
taupe fedora,149,132,111
cameron green,241,241,224
chantilly lace,245,247,242
butter,253,246,197
sundance,255,242,160
very green,24,120,93
boudoir,219,195,175
delightful golden,210,152,81
terra bella,222,191,160
mascarpone,249,248,233
paper mache,241,241,228
maple sugar,202,152,80
bermuda teal,127,223,206
strawberry yogurt,237,221,218
grafton brown,203,197,177
pink parfait,253,205,215
sandy shores,240,230,209
colonial brick,175,102,88
sandy beaches,244,233,213
albany white,235,229,206
black iron,59,61,63
ancient oak,231,226,204
seaspray,227,220,195
kelp forest green,1,151,123
soft chinchilla,174,196,201
toasted brown,108,75,61
frostine,239,242,236
gobi desert,212,196,190
new dawn,248,150,72
tangerine zing,254,177,110
seville oranges,250,188,129
peach jam,254,207,159
peach pudding,255,200,156
apricot chiffon,253,211,172
peach cider,249,222,193
georgia on my mind,251,231,207
sunlit coral,250,222,208
party peach,253,164,104
vivid beauty,254,182,129
seedling,164,183,147
american white,229,228,225
cancun sand,253,244,223
hope chest,109,94,75
peruvian chili,190,114,60
mellow yellow,255,234,160
grassy fields,69,141,79
gunsmith gray,134,132,117
spruce green,164,206,182
harrisburg green,139,172,153
yorktowne green,71,91,94
adam green,84,200,154
lehigh green,118,150,126
waterbury green,109,146,136
mill springs blue,126,162,155
tarrytown green,66,88,83
minty green,217,246,237
covington blue,148,182,173
salisbury green,177,187,165
vivid peach,242,184,165
coral buff,248,201,184
san antonio rose,217,133,104
coral glow,232,159,132
jupiter glow,227,110,75
fresno,240,123,96
heirloom,246,217,200
peach cooler,248,229,213
nursery pink,248,227,238
fruited plains,248,220,210
rich coral,207,109,83
i love you pink,249,227,239
killarney,185,185,162
mineral springs,175,212,230
winter snow,237,239,235
topsoil,67,73,63
piedmont gray,158,169,162
overcoat,106,105,104
caribbean azure,1,87,125
soleil,253,234,190
tapenade,134,132,104
gettysburg gray,155,151,133
sangria,166,68,56
river silt,131,124,110
tropical seaweed green,73,172,45
cabbage patch,93,91,72
cappuccino froth,241,231,211
white rain,201,217,210
heavenly blue,184,205,200
del mar blue,148,170,161
rich cream,243,229,198
saddle brown,119,82,57
calico blue,75,90,81
enchanted forest,97,111,100
swept away,200,215,206
bali,190,207,198
catalina blue,171,191,181
milk and honey,212,165,131
honeybell,252,189,108
italianate,204,154,119
wish,208,203,195
frosty lime,241,246,223
steep cliff gray,111,125,126
lime sherbet,225,220,170
seahorse,245,247,222
faded violet,142,144,162
buttered yam,196,118,65
bewitched,89,48,48
arctic blue,197,228,226
goldsmith,188,145,31
peony,201,69,113
penthouse,213,209,196
lakeside cabin,98,135,152
spellbound,79,101,112
brazilian rainforest,52,98,86
hidden sapphire,3,60,79
navy masterpiece,68,82,86
glacier blue,201,223,227
stillwater,99,121,134
new providence navy,69,90,99
aspen skies,150,186,199
niagara falls,119,159,177
ashwood gray,186,212,219
blue bay marina,175,204,213
northern lights,121,191,157
scotch plains green,82,161,123
lady liberty,150,210,183
cool mint,216,240,227
mountainview,200,234,217
arlington green,91,186,145
midnight oil,71,72,73
georgian bay,84,115,133
luck of the irish,71,147,110
gentle breeze,178,232,213
amazon soil,112,92,93
symphony blue,33,60,94
purple rain,92,68,94
pink flamingo,223,133,129
freesia,168,178,205
spring flowers,198,205,224
feather soft,190,198,221
willow springs green,171,216,107
ewing blue,209,227,225
snow cone green,190,210,33
lavender blue,180,186,200
watercolor,189,213,222
violet petal,206,192,210
iris bliss,171,153,174
razzle dazzle,202,83,128
pink corsage,179,71,105
burlap,219,193,171
bouquet rose,214,155,149
trench coat,182,160,125
pink ribbon,230,155,169
secret rendezvous,214,121,140
mardi gras,186,90,107
fuchsine,174,55,79
night flower,151,64,81
winter green,180,238,227
island sunset,233,153,192
pink ladies,222,123,166
little angel,255,236,163
belladonna lily,207,150,143
black berry,59,60,64
smokestack gray,115,131,136
white heaven,227,230,242
cliffside park,118,201,163
citrus blast,255,179,42
cheyenne green,176,172,148
texas sage,164,160,136
sweet spring,213,212,196
paris rain,197,195,177
polar frost,226,224,208
april showers,219,218,202
passion vine,136,133,108
trailing vines,106,104,84
wasabi,181,169,93
spring thaw,211,210,192
spa,214,212,185
neptune green,1,146,130
ivy league,153,140,102
popcorn kernel,253,234,183
springtime peach,255,203,177
acapulco sand,222,202,194
picnic basket,188,196,188
midnight navy,52,52,87
lip gloss,191,112,104
aventurine,152,157,121
regent green,55,65,67
nelson blue,207,215,209
sparkling wine,238,229,209
dior gray,125,128,133
sherwood forest,1,79,75
sparrow,132,125,111
crystal clear,180,238,226
sweeney yellow,226,197,146
pleasing pink,254,227,231
cypress grove,239,232,177
sheraton beige,235,212,188
dark celery,132,136,47
pebble rock,228,223,200
hillside green,163,162,118
tavern ochre,215,175,116
pink eraser,226,174,180
goldfield,235,210,129
lilianna,189,185,121
yellow squash,228,202,171
english manor,110,68,57
ice milk,240,237,218
red river clay,180,112,104
varsity blues,35,106,120
salzburg blue,45,132,147
old country,233,216,199
orange juice,250,139,13
lily white,228,234,236
abstracta,255,203,38
downpour blue,38,71,106
iced slate,194,203,210
viking yellow,255,208,49
good morning sunshine,250,230,133
pure joy,254,227,106
little dipper,253,241,183
wildflowers,253,236,163
cinnabar,149,70,69
sunbeam,252,223,98
golden orchards,255,217,82
mocha brown,103,80,65
ebony king,57,59,61
ice mist,242,245,242
vermilion,208,50,44
blue wave,111,185,230
arizona tan,220,196,165
lavender ice,215,214,230
supple pink,243,171,180
chestertown buff,222,192,135
gentle blush,251,229,233
outrageous orange,228,77,41
vinton brown,88,86,84
tempest,123,119,127
strawberry,229,173,193
decatur white,247,248,239
brookdale brown,195,182,155
blagdon yellow,238,233,208
tamarack gray,127,131,132
fiji,79,128,147
cake batter,233,225,207
bullock gray,93,98,104
lightning white,252,247,220
banana yellow,255,232,102
venetian gold,199,136,70
hazy lilac,156,143,157
venetian portico,197,170,151
mulberry,128,60,96
bonsai,97,99,66
deep in thought,239,237,220
blue springs,181,188,189
green meadows,11,102,73
vapor,240,237,224
travers red,160,70,83
provincial park,106,104,84
greenhow vermillion,174,68,64
jumel peachtone,242,214,184
crystalline,202,213,201
purple lace,204,208,235
taos taupe,141,133,123
brickyard clay,166,102,90
night owl,90,83,61
amaretto,145,99,82
poolside,84,149,181
dark buff,186,156,131
witching hour,71,74,80
boreal forest,84,96,79
coral dust,227,185,177
marshlands,102,90,75
peaceful garden,201,204,160
shiitake mushroom,171,158,130
ice blue,214,236,235
fallen timber,124,109,94
baja dunes,184,171,155
ashen tan,202,191,176
hampshire taupe,203,190,176
beachcomber,134,117,103
ticonderoga taupe,159,141,125
miramichi,49,73,75
seaside sand,182,158,149
rustic taupe,133,118,99
polar jade,79,109,108
delicate peach,251,225,194
sweet melon,252,217,175
orange sherbet,255,210,166
citrus blossom,245,193,140
orange appeal,238,168,105
antelope canyon,240,164,98
pumpkin spice,216,139,76
peach pie,249,236,211
florida seashells,250,228,199
tangerine mist,255,218,176
adriatic sea,1,72,100
marina bay,165,221,194
spring bud,226,227,204
burwell green,194,185,141
meadowlands green,118,193,154
santa rosa,188,137,120
saybrook sage,178,184,163
cement gray,206,205,203
lyons red,167,57,66
albescent,236,228,208
cedar green,128,180,128
mocha madness,111,74,58
sundried tomato,121,58,53
stokes forest green,114,174,136
yellow rain coat,255,217,104
peale green,89,107,85
nantucket breeze,220,217,189
kennebunkport green,146,158,131
great barrington green,122,129,101
florida aqua,185,239,226
raspberry mousse,215,125,177
avon green,116,128,107
southfield green,136,172,148
clearspring green,118,155,129
rosetta,223,181,171
sharon rose,215,156,143
tarpley brown,74,57,49
coral rock,225,145,125
golden gate,212,121,101
august sunrise,239,195,184
georgia peach,234,170,155
ocean tropic,29,79,67
rose blush,234,202,194
spiced pumpkin,183,97,80
baked clay,159,86,70
ambler slate,88,90,91
merlot red,158,62,46
kept love letters,215,188,188
marine blue,30,63,90
winthrop peach,206,170,145
silken blue,156,176,178
passion fruit,235,150,138
embroidered flower,181,78,82
ylang ylang,245,234,207
lucky charm green,98,185,63
horizon gray,192,193,178
palest pistachio,234,240,238
porcini,135,123,110
mopboard black,56,57,58
tucson teal,12,71,79
gravel gray,69,75,81
desolate,247,235,211
man on the moon,246,238,206
stem green,173,200,117
calming cream,246,239,217
pale moon,244,232,191
carolina gull,134,142,130
wet clay,150,132,107
lilac pink,195,129,181
firenze,185,117,81
celadon green,238,242,200
thousand oceans,95,117,129
blue dusk,111,136,146
silvery blue,192,209,213
lookout point,219,228,227
blue bonnet,222,241,237
dusky blue,190,210,213
franklin lakes,133,161,172
cape blue,162,187,193
coral spice,235,159,131
blushing red,185,50,84
polaris blue,125,148,159
slate blue,156,178,188
stained glass,69,101,110
meadow view,197,181,116
baltic sea,87,134,141
bermuda turquoise,41,95,108
wool peacoat,133,130,130
mystical blue,205,228,236
knitted cape,240,231,204
deep silver,140,145,149
calming green,139,216,198
citra lime,214,243,207
florida keys,135,211,179
four leaf clover,104,179,116
branch brook green,137,198,143
lotus flower,170,223,180
grassy meadows,179,226,186
playful pink,243,219,216
tropical paradise,188,237,215
once upon a time,41,144,81
antique rose,201,142,130
tranquil blue,149,195,198
medici malachite,100,168,146
bistro blue,84,89,139
softened violet,129,134,181
violet sparkle,215,217,224
dreamy,155,162,186
celestia blue,209,214,228
wood violet,81,77,92
margarita,165,200,1
capri coast,244,233,213
serenata,172,194,205
wheat sheaf,238,230,207
surf city,136,210,211
palm coast teal,59,170,170
burbank blue,105,194,196
deep sea green,38,85,87
tropical teal,1,138,139
blue diamond,183,227,226
clearlake,137,206,210
approaching storm,76,75,93
dark beige,217,179,130
flower box,135,145,165
wheatberry,238,226,219
metallic gold,191,154,125
tavern gray,146,139,118
peppermint,243,221,223
dark walnut,104,75,79
pink bliss,246,235,232
wedding veil,239,241,239
rose garden,244,210,220
pink dynasty,244,215,219
chinaberry,158,61,84
aniline red,176,65,92
fashion rose,159,88,117
tropical rose,200,123,155
wild heart,228,176,198
berkshire beige,176,166,144
baby seal black,71,75,81
adobe dust,213,142,109
nimbus gray,162,177,181
tyler gray,198,191,174
thicket,162,161,127
elemental,178,173,142
pretty pink,236,169,212
spring pink,248,219,214
norwester tan,170,143,106
smoke bush,136,125,95
at home with nature,163,151,118
pristine,241,227,211
neon lime,81,172,25
natural elements,223,220,200
mosaic tile,186,180,151
moon shadow,206,203,179
dried basil,175,170,144
snow on the mountain,238,236,222
pining for you,130,122,95
splish splash,144,189,187
rumba orange,240,102,49
starry night blue,52,65,119
sylvan mist,184,199,191
street chic,133,133,129
webster green,101,129,109
forest green,24,75,68
bluffs,202,180,149
ashwood,220,217,202
black knight,49,54,55
pigeon gray,171,175,180
lafayette green,73,97,86
raspberry parfait,184,113,104
secret,137,138,132
green,1,98,74
masada,164,104,63
dolphin,134,132,126
rocky road,184,171,155
rawhide,186,154,121
misty air,228,223,200
puritan gray,152,160,156
acorn yellow,206,169,128
pink pearl,241,206,210
dark basalt,65,55,61
pale straw,252,248,220
citron,216,198,47
natural brown,105,65,53
deep poinsettia,152,77,63
barefoot in the grass,156,164,118
sun kissed peach,253,240,229
melted ice cream,239,227,220
northern fire,167,77,68
oxford gray,131,145,161
brookside moss,167,166,109
texas rose,170,114,106
yellow hibiscus,227,201,58
sunny afternoon,238,211,80
fond memory,247,218,213
cheerful,244,222,101
yellow roses,247,229,134
sun city,249,237,170
falling star,249,244,198
sun valley,229,189,60
blueberry,27,95,138
fun in the sun,250,242,185
five dollar bill,130,166,193
glace bay,155,181,200
athabasca,178,192,200
early morning,156,178,188
chocolate candy brown,98,75,60
mystic beige,237,221,198
bahama green,37,198,175
overcast,223,220,200
early sunrise,247,208,218
gingerbread man,203,165,115
tawny bisque,213,180,134
quicksand,175,165,152
deserted island,240,230,209
graham cracker,165,125,80
prairie lily,190,101,73
north star,245,238,205
new age,215,207,210
lemon sorbet,255,243,196
mohave desert,233,209,175
calla lily,248,237,187
counting stars,248,241,207
treasure trove,231,211,130
copacabana,244,229,161
french quarter gold,199,165,72
heartsmere,239,221,191
worn leather shoes,151,141,119
pink taffy,224,171,210
stone harbor,181,176,169
gray,88,88,88
hazy blue,147,199,188
home on the range,129,132,93
dried mustard,191,128,63
spring morning,219,207,162
antique pewter,140,139,124
norfolk cream,237,228,194
swans mill cream,245,235,203
canvas,244,236,215
egyptian sand,177,152,86
gemstone,203,179,118
badlands,189,117,108
pancake syrup,114,67,54
oatmeal,237,228,203
fantasy pink,240,201,198
french macaroon,235,226,209
quiet moments,200,208,201
fallen leaf,117,71,53
absolute green,6,82,68
yosemite sand,222,202,173
georgian brick,153,90,74
minstrel heart,231,155,150
dixon brown,106,91,77
lightfoot salmon,198,143,122
potters wheel,175,104,95
sea foam,232,240,237
apache red,138,81,79
mountain laurel,117,143,137
frosted toffee,223,212,199
alphano beige,208,197,184
wythe rose,193,143,128
smokey taupe,206,197,182
woodcliff lake,121,111,98
ferret brown,94,76,62
hedgehog brown,123,88,74
indian river,174,163,145
peach complexion,248,215,178
beachcrest sand,247,223,192
persian melon,231,184,138
crestwood tan,241,202,162
rio rancho clay,213,147,99
starfish,223,162,116
pumpkin seeds,248,233,207
peach brandy,203,132,85
rose petal,255,216,210
cornucopia tan,209,135,79
grand canyon,222,158,102
fairmont green,100,133,106
pelham gray,133,123,104
mink,83,69,61
coffeehouse ochre,195,156,100
acadia green,175,211,177
leather saddle brown,118,79,64
italian ice green,226,241,229
sparkling sun,255,196,31
caribe green,135,223,206
easter pink,233,170,209
sherwood green,170,182,150
kittery point green,192,204,174
tennyson white,231,229,224
nicolson green,118,129,107
georgian green,186,184,145
guilford green,204,206,175
hancock green,213,219,192
golden dunes,198,124,59
nantucket gray,176,172,148
espresso bark,85,67,60
rust,183,100,65
prentis cream,233,226,205
twilight dreams,136,85,76
southwest pottery,152,96,88
savannah clay,194,134,116
marine aqua,11,91,83
romantica,232,186,173
frosted rose,237,201,191
east lake rose,242,214,204
burnt russet,137,78,70
spoonful of sugar,179,108,89
weimaraner,160,147,131
cotswold,182,167,150
misty blue,200,214,229
creekside green,155,153,134
potpourri green,206,224,168
audubon russet,175,108,86
mountain lane,150,158,111
smoked salmon,194,134,116
jade garden,1,100,109
black ink,56,59,62
exotic fuchsia,221,173,212
falls white,233,230,224
cream yellow,253,236,196
wales green,222,230,164
sweet basil,87,103,79
gray lake,229,233,227
warmed cognac,151,91,59
ocean floor,96,103,109
florida keys blue,110,170,168
glass slipper,213,223,222
brittany blue,196,209,211
santorini blue,163,181,187
providence blue,103,122,128
blue spruce,97,113,120
midnight blue,74,79,83
windy sky,201,217,218
randolph blue,61,131,160
lafayette blue,109,167,197
fire dance,190,85,62
cedar mountains,114,137,128
parkside dunes,212,238,210
nottingham green,198,234,201
tear drop,207,236,244
sullivan green,82,165,73
pistachio,202,227,198
cucumber salad,193,223,192
douglas fern,171,209,173
gumdrop,142,187,143
aurora borealis,123,173,123
bunker hill green,91,143,95
balsam,78,115,87
majestic blue,99,160,161
schooner,83,119,136
filtered sunlight,251,236,205
granite,131,126,124
appalachian brown,74,59,52
cos cob stonewall,138,141,132
palmetto pink,203,157,143
blue jean,136,182,204
rosetone,230,201,192
ciao bella,218,180,167
pensacola pink,243,228,216
sugarcane,241,220,211
drenched sienna,167,120,105
seminole brown,142,94,81
rosedale,192,152,138
traffic light green,51,165,50
rendezvous bay,81,148,158
calypso blue,58,123,134
peacock feathers,137,190,201
misted green,177,185,175
spring rain,173,212,216
bella blue,85,117,125
vanderberg blue,71,91,94
florentine plaster,203,197,177
geddy gray,128,129,123
plum martini,65,61,64
malted milk,223,203,195
camouflage,204,200,177
jack frost,194,232,230
coastal cottage,232,210,195
milk shake,221,193,176
groundhog day,217,187,166
fox hedge tan,197,163,138
chadwick brown,182,145,120
birchwood,165,124,101
wooded vista,154,117,94
tissue pink,238,220,206
philadelphia cream,238,222,184
ashwood moss,87,89,82
wilderness cabin,190,146,117
antique copper,157,113,90
lychee,246,237,221
great plains,177,153,123
orange sky,255,160,1
wild mushroom,185,162,132
silver gray,197,208,211
aganthus green,186,193,174
pensive,190,171,150
lapland,181,175,143
racing orange,205,91,51
grasshopper,198,196,152
weekend getaway,166,171,147
par four,210,216,200
quarry rock,98,106,101
night mist,208,212,201
coral bronze,205,117,106
crimson,183,98,87
scrivener gold,184,160,110
venetian rose,218,155,149
castle peak gray,106,104,88
healing aloe,214,220,211
brighton rock candy,229,179,175
beach glass,180,191,186
stonybrook,140,149,145
tangy orange,248,122,71
twilight blue,55,85,151
mistletoe,148,153,129
sunburst,251,229,103
gentle cream,234,222,198
marshmallow bunny,255,227,232
golden retriever,187,140,83
golden straw,240,222,182
aruba blue,1,140,133
rosemist,239,225,227
primrose petals,239,214,224
vintage claret,147,79,107
redstone,212,60,44
melrose pink,187,119,154
misty rose,234,206,215
countryside pink,222,179,199
sweet caroline,214,220,186
apple blossom,203,211,174
luscious,217,179,203
