mulberry silk,149,120,108
chelsea mauve,189,172,158
cabbage rose,199,163,148
rose brocade,155,109,110
deepest mauve,108,88,88
toile red,140,85,78
decorous amber,173,119,87
cajun red,142,77,56
eastlake gold,192,146,94
wickerwork,192,162,128
crewel tan,204,191,158
empire gold,193,162,109
majolica green,173,181,145
sheraton sage,142,139,103
gallery green,109,135,115
billiard green,70,89,79
calico,138,163,156
teal stencil,98,128,125
festoon aqua,160,186,185
peacock plume,117,150,150
queen anne lilac,195,183,183
patchwork plum,128,108,109
pewter tankard,163,157,145
curio gray,152,140,119
rosedust,207,144,133
aristocrat peach,235,208,184
caen stone,235,212,176
acanthus,203,209,182
colonial yellow,236,202,134
dutch tile blue,154,172,172
needlepoint navy,87,103,114
rembrandt ruby,154,81,74
roycroft rose,193,146,128
indian white,237,221,195
buckram binding,217,198,165
morris room grey,173,163,148
library pewter,126,116,99
portrait tone,194,150,120
roycroft adobe,167,99,80
dard hunter green,63,79,69
ruskin room green,170,165,126
peristyle brass,172,151,98
hubbard squash,230,196,138
antiquarian brown,148,108,70
white hyacinth,240,230,207
studio blue green,108,129,124
bunglehouse blue,76,99,112
silver gray,184,180,162
classic light buff,239,236,221
classic ivory,242,226,195
pearl gray,202,206,197
porcelain,232,225,213
twilight gray,201,192,182
light french gray,194,193,187
classic sand,214,191,171
chinese red,164,67,52
jazz age coral,243,193,176
frostwork,203,210,196
alexandrite,87,143,119
salon rose,173,120,119
studio mauve,199,186,184
blue sky,171,209,203
blue peacock,0,74,79
vogue green,72,86,68
cascade green,171,180,160
belvedere cream,237,209,159
copen blue,192,204,198
rose tan,205,158,132
pink shadow,223,197,185
orchid,190,157,158
deep maroon,99,63,68
chartreuse,222,216,136
holiday turquoise,141,199,194
appleblossom,220,182,180
classic french gray,139,139,134
sunbeam yellow,237,216,156
pinky beige,202,172,153
pink flamingo,209,112,121
rookwood dark red,73,34,33
rookwood red,101,47,42
rookwood terra cotta,152,90,61
renwick rose beige,175,138,112
renwick beige,195,178,158
rookwood brown,126,100,73
rookwood medium brown,110,84,64
rookwood dark brown,93,75,63
rookwood shutter green,48,59,57
rookwood sash green,69,100,97
rookwood blue green,114,133,121
rookwood jade,148,163,128
downing straw,198,173,121
rookwood antique gold,159,131,79
renwick olive,146,136,100
rookwood dark green,84,94,75
rookwood amber,186,135,64
renwick heather,140,126,123
downing slate,116,123,130
downing earth,137,125,104
downing stone,163,161,148
downing sand,203,191,166
rookwood clay,153,129,99
renwick golden oak,150,119,75
colonial revival stone,166,150,124
colonial revival tan,209,182,150
classical white,236,228,204
classical gold,232,191,114
colonial revival gray,181,186,186
roycroft vellum,231,221,192
birdseye maple,223,199,143
craftsman brown,173,149,120
quartersawn oak,127,99,81
aurora brown,108,69,57
polished mahogany,67,39,33
roycroft copper red,123,49,30
hammered silver,151,140,127
weathered shingle,146,130,103
roycroft suede,166,150,116
roycroft mist gray,192,190,177
bunglehouse gray,152,145,123
roycroft bronze green,85,85,72
roycroft bottle green,49,64,56
roycroft pewter,91,96,95
westchester gray,121,122,121
chelsea gray,183,185,179
sage green light,112,112,92
plymouth green,174,185,150
new colonial yellow,213,178,126
caribbean coral,191,125,93
sycamore tan,155,141,122
fairfax brown,99,72,59
peace yellow,232,210,154
harvest gold,216,167,104
beige,221,202,180
sage,177,176,151
avocado,129,127,93
burma jade,146,179,161
powder blue,139,163,176
stratford blue,87,136,155
classic yellow,245,218,145
wine country,96,34,52
elderberry,124,36,61
pomegranate,141,29,48
poppy flower,135,20,31
carmine,128,21,34
crimson red,113,25,34
scarlet,181,0,26
cardinal,157,16,28
redwing,152,1,13
primary red,172,0,0
pompeii red,148,0,0
chanticleer,135,0,0
classy red,145,31,33
vermilion,126,25,27
red prairie,142,57,40
clay pot,154,74,51
bramble bush,80,54,41
woodsy brown,61,39,29
iron gate,63,53,43
weathervane,44,32,26
garden path,66,67,48
marsh fern,76,69,39
black emerald,18,34,29
snowfall,225,223,219
grayish,208,203,200
proper gray,174,169,166
mink,134,126,121
folkstone,111,104,100
black bean,64,51,46
smart white,229,221,217
individual white,214,206,204
imagine,193,182,180
flexible gray,177,164,161
chinchilla,137,123,119
browse brown,111,98,95
bitter chocolate,79,61,61
quartz white,226,218,215
vaguely mauve,210,198,196
chaise mauve,193,179,178
intuitive,179,163,163
enigma,140,124,126
poetry plum,116,97,99
marooned,80,52,51
dreamy white,228,218,214
breathless,213,195,190
insightful rose,201,177,171
dressy rose,184,157,153
socialite,146,119,120
river rouge,121,92,94
cordovan,96,61,63
cultured pearl,229,221,215
white truffle,215,201,194
artistic taupe,197,179,173
glamour,182,160,154
dutch cocoa,144,117,108
bateau brown,127,101,94
arresting auburn,92,56,51
gauzy white,228,221,214
angora,210,199,191
temperate taupe,192,179,171
truly taupe,175,162,154
poised taupe,143,131,124
less brown,120,107,100
otter,90,74,65
hush white,230,219,212
unfussy beige,216,202,193
doeskin,199,181,170
emerging taupe,185,163,151
swing brown,151,123,108
hot cocoa,130,101,86
terra brun,90,57,43
gorgeous white,232,220,212
sashay sand,208,183,169
sandbank,196,166,152
reddened earth,159,113,98
canyon clay,137,93,80
fiery brown,94,57,47
polite white,234,223,213
malted milk,223,204,190
likeable sand,210,186,169
interface tan,195,167,149
moroccan brown,160,125,106
tanbark,139,104,84
rugged brown,104,67,51
nice white,231,223,214
reticence,217,207,196
bona fide beige,204,187,172
sand trap,187,167,149
mocha,152,127,109
brevity brown,113,84,66
french roast,81,58,45
heron plume,230,226,217
popular gray,213,206,196
versatile gray,194,184,172
perfect greige,181,171,158
spalding gray,145,132,121
garret gray,119,107,98
turkish coffee,79,60,50
everyday white,228,221,212
realist beige,211,202,189
diverse beige,196,183,168
utterly beige,181,168,151
down home,144,123,102
cobble brown,124,105,87
sable,93,76,61
modest white,231,222,212
simplify beige,213,200,185
sand dune,196,178,160
trusty tan,181,162,143
nuthatch,144,120,98
grounded,121,94,72
java,103,76,58
reliable white,232,224,212
lightweight beige,218,202,185
familiar beige,203,184,162
sensational sand,190,166,141
toasty,149,118,85
jute brown,129,97,65
sturdy brown,104,74,42
sand dollar,215,200,180
practical beige,201,181,156
sands of time,187,165,139
portabello,148,126,99
tea chest,124,101,75
kaffee,101,83,62
divine white,231,222,206
kilim beige,215,201,176
nomadic desert,198,180,152
latte,186,165,135
hopsack,158,134,101
steady brown,136,110,75
coconut husk,111,89,60
biscuit,235,223,204
interactive cream,227,206,173
bagel,214,185,147
totally tan,203,171,130
tatami tan,185,147,101
smokey topaz,165,127,84
leather bound,140,102,58
antique white,231,222,199
believable buff,217,202,168
whole wheat,204,186,146
camelback,195,175,134
baguette,177,151,104
cardboard,158,130,91
craft paper,137,107,73
navajo white,234,223,201
ivoire,226,209,172
blonde,218,193,146
restrained gold,208,183,133
mannered gold,191,159,100
chamois,173,141,84
relic bronze,144,114,61
muslin,232,225,201
netsuke,222,210,176
ecru,207,193,151
harmonic tan,195,180,137
burlap,171,155,115
artifact,153,136,97
mossy gold,125,106,65
moderate white,232,223,207
softer tan,217,205,178
macadamia,203,187,156
basket beige,191,174,140
dapper tan,148,131,103
thatch brown,133,115,85
panda white,233,226,213
wool skein,217,209,188
relaxed khaki,200,190,165
universal khaki,186,174,150
quiver tan,144,132,109
superior bronze,121,110,89
nacre,232,228,212
rice grain,218,210,186
ramie,203,193,163
favorite tan,191,179,146
sawdust,154,144,116
high tea,125,115,89
best bronze,92,82,60
nonchalant white,222,222,210
ancient marble,208,207,187
grassland,192,190,167
svelte sage,177,176,151
connected gray,138,136,118
eclipse,105,104,86
garden gate,94,92,75
moderne white,226,225,216
sedate gray,208,206,192
techno gray,190,187,170
chatroom,175,173,156
hardware,140,135,117
cocoon,113,108,89
andiron,67,68,57
sagey,224,227,210
liveable green,205,209,189
softened green,186,191,168
clary sage,170,176,151
artichoke,126,135,105
oakmoss,100,108,78
secret garden,79,86,60
ethereal white,228,227,220
conservative gray,209,210,197
austere gray,189,191,178
escape gray,169,172,158
dried thyme,123,131,114
rosemary,100,109,94
opaline,220,224,216
filmy green,208,213,199
contented,189,194,180
coastal plain,157,168,148
privilege green,122,139,121
rock garden,70,86,73
frosty white,221,222,214
aloof gray,201,202,193
sensible hue,181,183,172
rare gray,166,168,156
link gray,128,129,116
thunderous,111,112,101
cast iron,101,103,92
spare white,229,229,222
sea salt,205,211,202
comfort gray,189,195,185
oyster bay,172,179,168
retreat,124,131,121
pewter green,95,100,90
ripe olive,71,76,66
window pane,216,224,218
rainwashed,194,205,198
quietude,171,187,180
halcyon green,155,172,164
underseas,126,145,139
rocky river,97,116,110
jasper,52,60,55
topsail,218,227,224
tradewind,194,208,209
rain,172,190,193
interesting aqua,155,175,179
moody blue,125,147,149
riverway,96,116,119
still water,76,94,97
mountain air,217,223,223
sleepy blue,188,203,207
languid blue,166,184,191
meditative,151,169,177
refuge,100,125,135
tempe star,75,98,109
rainstorm,43,70,86
rock candy,223,225,224
misty,205,209,210
samovar silver,185,190,191
uncertain gray,168,175,177
foggy day,117,126,130
grays harbor,90,100,104
dark night,41,59,67
icicle,220,223,225
upward,193,201,209
windy blue,172,185,199
aleutian,156,170,186
distance,98,110,130
naval,48,58,76
quicksilver,222,226,225
north star,202,208,210
krypton,186,193,196
jubilee,173,180,184
storm cloud,125,134,144
granite peak,100,110,121
outerspace,84,92,100
ice cube,227,228,226
olympus white,213,216,216
lazy gray,191,193,196
morning fog,168,173,177
serious gray,128,134,141
gibraltar,101,107,115
tricorn black,45,45,46
spatial white,222,221,221
unique gray,203,201,204
swanky gray,182,179,183
mysterious mauve,167,163,169
exclusive plum,118,113,122
midnight,94,90,99
quixotic plum,74,68,83
discreet white,224,220,220
sensitive tint,208,201,205
veiled violet,190,181,185
beguiling mauve,177,167,172
soulmate,137,120,126
expressive plum,108,92,100
plum brown,79,66,71
nouvelle white,226,221,218
destiny,208,202,201
fashionable gray,190,185,185
mystical shade,175,170,171
special gray,126,122,127
cloak gray,97,94,100
black swan,59,55,62
mauve tinge,233,226,226
wallflower,221,207,213
mauve finery,206,184,193
thistle,176,144,157
plum dandy,143,107,123
grape harvest,130,92,111
mature grape,98,63,84
white beet,236,224,222
rosebud,226,206,210
delightful,212,182,190
moss rose,162,110,123
berry bush,146,89,105
fabulous grape,112,50,78
rose of sharon,235,220,220
demure,234,213,213
fading rose,220,190,193
rose embroidery,201,158,162
concerto,162,110,118
aged wine,138,82,94
burgundy,102,50,61
patient white,240,226,222
innocence,237,211,208
rose colored,222,184,181
pressed flower,197,149,147
rambling rose,158,97,101
cordial,136,75,80
fine wine,118,57,66
possibly pink,240,223,220
charming pink,238,212,211
lotus flower,233,190,189
memorable rose,211,139,140
redbud,180,96,102
kirsch red,154,70,80
luxurious red,138,57,65
white dogwood,239,221,215
rosy outlook,237,207,203
gracious rose,229,183,177
resounding rose,208,144,137
reddish,187,110,104
bravado red,165,85,77
red bay,145,51,52
intimate white,240,225,215
romance,237,209,195
mellow coral,228,182,167
constant coral,207,144,126
henna shade,184,107,94
bold brick,164,89,77
fireweed,125,54,46
faint coral,239,223,213
quaint peche,235,206,193
smoky salmon,227,185,166
coral island,208,150,130
foxy,173,97,83
flower pot,145,67,52
fired brick,134,58,43
nearly peach,237,224,210
spun sugar,237,212,192
persimmon,218,156,126
baked clay,195,125,91
red cent,177,104,74
spicy hue,155,76,50
alluring white,240,227,211
peach fuzz,235,209,186
sumptuous peach,230,188,155
fame orange,222,159,122
chrysanthemum,199,128,90
reynard,182,107,69
pennywise,163,90,54
intricate ivory,237,223,202
sweet orange,236,208,180
soft apricot,225,183,147
chivalry copper,213,155,111
armagnac,196,135,87
truepenny,180,112,62
copper mountain,166,100,55
choice cream,240,227,209
creamery,237,212,182
sociable,231,195,154
folksy gold,214,159,103
autumnal,205,147,92
tigereye,186,124,68
gingery,175,112,57
eggwhite,242,232,210
cachet cream,242,220,185
ambitious amber,239,207,149
viva gold,228,182,115
bakelite gold,213,162,91
tassel,196,143,68
saucy gold,179,122,53
vanillin,240,229,202
inviting ivory,240,218,176
harvester,234,201,140
torchlight,227,184,108
honeycomb,211,161,84
gold coast,197,143,59
butterscotch,181,129,53
crisp linen,242,232,212
jersey cream,241,224,186
humble gold,234,206,148
anjou pear,218,181,107
ceremonial gold,209,167,87
golden rule,200,153,66
cut the mustard,183,135,49
dover white,239,236,221
compatible cream,230,206,157
golden fleece,212,180,119
butternut,201,163,91
bosc pear,188,151,84
gallant gold,162,127,61
vital yellow,236,228,197
convivial yellow,230,218,175
sequin,221,200,139
alchemy,199,171,88
different gold,184,157,76
nankeen,164,135,48
sconce gold,152,121,52
chamomile,231,227,197
lucent yellow,224,213,165
independent gold,205,193,129
antiquity,188,172,94
escapade gold,177,163,84
grandiose,151,133,60
fervent brass,145,127,57
ionic ivory,230,226,198
ancestral gold,219,209,166
wheat grass,199,188,133
edgy gold,174,161,97
brassy,156,141,73
bengal grass,137,124,57
eminent bronze,120,107,64
restoration ivory,232,228,202
rice paddy,219,216,176
hearts of palm,203,199,145
sassy green,180,174,104
tupelo tree,152,149,81
rural green,138,136,76
saguaro,97,97,41
celery,224,224,191
shagreen,201,205,156
ryegrass,173,177,122
tansy green,147,153,93
relentless olive,110,116,59
basque green,92,99,48
sprout,228,232,208
honeydew,218,224,190
baize green,197,208,168
great green,169,183,133
leapfrog,133,150,94
garden spot,106,122,69
inverness,85,101,56
gratifying green,216,227,204
bonsai tint,195,211,178
haven,161,184,141
dill,118,146,98
greenfield,94,119,80
courtyard,68,89,66
white mint,224,232,219
supreme green,204,223,199
relish,177,205,171
lounge green,137,173,129
garden grove,91,130,88
arugula,62,98,59
evergreens,61,91,64
greening,222,230,215
topiary tint,198,218,198
easy green,169,197,169
nurture green,150,180,150
inland,104,141,106
cilantro,79,117,83
shamrock,29,81,53
fleeting green,216,228,218
slow green,198,215,203
kind green,169,196,181
restful,144,178,160
jadite,94,132,110
kale green,75,108,86
isle of pines,59,87,67
green trance,215,230,221
breaktime,195,219,208
aloe,171,204,191
spearmint,147,183,169
grandview,105,149,130
kendal green,82,122,106
hunt club,46,82,72
dewy,215,226,218
waterscape,190,210,202
hazel,164,191,180
composed,127,164,155
surf green,96,138,129
raging sea,75,114,106
country squire,25,75,70
glimmer,224,231,227
tidewater,196,215,213
watery,180,204,202
drizzle,142,175,173
lagoon,84,134,133
green bay,49,103,103
buoyant blue,215,234,232
meander blue,192,219,218
raindrop,159,197,200
reflecting pool,126,177,181
cloudburst,97,148,155
grand canal,65,120,128
really teal,10,95,107
timid blue,225,233,230
open air,201,222,225
jetstream,179,209,216
ebbtide,137,179,193
lakeshore,98,149,166
great falls,48,116,137
oceanside,0,83,112
blue horizon,218,231,231
byte blue,199,219,225
stream,176,202,213
open seas,135,173,190
manitou blue,98,145,165
loch blue,60,116,142
bosporus,9,88,121
sky high,221,231,233
atmospheric,197,217,226
vast sky,173,199,218
resolute blue,140,174,199
secure blue,92,134,164
georgian bay,48,97,130
loyal blue,17,63,96
snowdrop,226,232,232
balmy,200,215,224
take five,182,200,212
respite,154,178,197
leisure blue,112,140,164
down pour,77,111,143
regatta,43,83,116
ski slope,226,229,228
hinting blue,208,216,222
honest blue,181,197,213
notable hue,144,166,190
sporty blue,112,136,166
denim,86,105,134
commodore,42,66,106
rarified air,226,229,230
icelandic,205,215,226
blissful blue,182,199,218
cosmos,147,166,196
scanda,114,137,172
indigo,47,70,113
aura white,224,226,228
mild blue,205,213,220
icy,190,198,211
solitude,157,166,185
searching blue,112,125,155
luxe blue,87,100,132
dignified,62,69,109
soothing white,227,226,229
starry night,216,216,222
daydream,191,194,206
vesper violet,157,160,179
soulful blue,122,124,148
mesmerize,97,99,124
majestic purple,62,58,90
cloud nine,232,229,229
silver peony,220,214,220
grape mist,200,192,202
ash violet,164,154,171
mythical,131,119,144
purple passage,103,92,120
dewberry,64,53,89
heavenly white,235,232,230
lite lavender,227,218,224
enchant,212,198,211
obi lilac,180,163,183
wood violet,126,106,134
plummy,107,89,118
concord grape,70,51,85
venus pink,242,229,230
teaberry,237,209,218
irresistible,231,191,207
rosebay,208,154,174
red clover,189,124,149
grandeur plum,152,86,112
framboise,128,48,82
anemone,242,226,228
lighthearted pink,240,212,221
childlike,236,191,207
haute pink,221,152,177
cyclamen,200,122,148
ruby shade,165,83,108
juneberry,137,61,88
rosily,242,228,229
priscilla,244,212,218
azalea flower,242,192,202
jaipur pink,231,147,161
gala pink,182,67,97
cerise,160,42,77
verbena,243,224,224
impatiens petal,244,210,215
in the pink,243,188,200
cheery,240,147,162
coming up roses,226,119,135
heartfelt,194,71,92
valentine,171,53,76
diminutive pink,242,223,222
alyssum,244,213,215
loveable,244,194,197
amaryllis,241,148,156
grenadine,219,104,111
coral bells,192,73,78
poinsettia,162,49,56
amour pink,242,222,220
bella pink,244,199,196
hopeful,243,180,178
dishy coral,241,146,143
begonia,221,108,109
enticing red,186,74,73
tanager,169,51,49
angelic,243,220,215
oleander,244,205,197
youthful coral,242,176,167
charisma,242,150,136
coral reef,221,120,108
red tomato,182,67,64
rave red,165,56,48
touching white,243,224,215
koral kicks,243,210,195
jovial,243,185,166
ravishing coral,234,152,128
lei flower,220,125,106
quite coral,203,100,83
peppery,185,83,64
feather white,243,226,214
blushing,240,211,195
cosmetic peach,244,195,171
sockeye,230,154,128
rejuvenate,224,122,95
emotional,201,94,66
hearty orange,182,73,45
teasing peach,243,227,215
peach blossom,244,209,189
certain peach,244,192,161
emberglow,218,127,85
robust orange,199,99,56
posy,243,226,210
naive peach,244,213,191
neighborly peach,243,195,162
inventive orange,233,160,108
copper harbor,216,129,80
determined orange,199,104,52
husky orange,189,98,58
organza,243,224,205
flattering peach,244,214,179
avid apricot,245,202,158
tangerine,243,177,119
outgoing orange,232,154,93
rhumba orange,202,124,57
yam,197,114,58
champagne,243,229,206
frangipane,244,216,178
orange blast,245,205,155
exciting orange,241,182,122
kumquat,233,160,94
tango,224,141,76
marquis orange,212,122,52
cherish cream,242,227,203
flan,244,215,174
delicious melon,245,204,147
surprise amber,239,187,122
adventure orange,229,166,93
serape,216,145,72
amber wave,211,133,59
welcome white,243,229,202
captivating cream,244,220,176
honey blush,245,211,153
papaya,239,190,122
summer day,235,176,95
saffron thread,224,158,75
marigold,211,134,45
gardenia,242,227,200
enjoyable yellow,244,218,168
afterglow,245,209,140
sunrise,242,197,117
yarrow,232,180,90
gold crest,222,159,47
curry,216,148,39
morning sun,242,232,206
banana cream,244,226,175
afternoon,248,209,117
butterfield,245,196,87
goldenrod,238,183,62
sunflower,225,162,37
full moon,243,230,188
friendly yellow,243,228,177
butter up,244,225,161
june day,242,210,112
bee,236,195,80
brittlebush,229,183,62
trinket,210,161,39
lemon chiffon,244,233,188
lantern light,243,229,174
solaria,243,221,141
overjoy,233,203,91
gambol gold,221,185,64
glitzy gold,209,168,19
auric,192,145,0
lily,243,235,195
glad yellow,242,230,171
midday,243,222,135
quilt gold,229,203,96
nugget,213,184,69
kingdom gold,204,173,38
crispy gold,192,161,38
daybreak,241,236,198
moonraker,235,231,177
lively yellow,225,223,140
frolic,211,208,94
hep green,189,187,64
high strung,163,161,17
offbeat green,146,147,2
narcissus,241,239,203
springtime,231,233,179
gleeful,213,221,142
parakeet,174,182,87
luau green,148,158,68
verdant,127,132,48
citrine,232,239,210
lime granita,218,229,185
dancing green,192,211,142
lime rickey,168,193,106
overt green,142,173,82
gecko,113,144,48
paradise,98,130,42
enlightened lime,226,236,215
jardin,183,211,169
mesclun green,150,188,131
pickle,125,167,106
talipot palm,92,135,73
houseplant,80,118,62
white willow,230,237,213
lacewing,215,229,203
romaine,190,213,174
picnic,150,197,135
organic green,124,175,111
grasshopper,75,135,74
espalier,48,103,66
minted,224,236,217
jocular green,202,228,203
kiwi,171,213,178
vegan,137,197,154
eco green,99,171,123
kilkenny,66,137,87
derbyshire,33,95,56
lighter mint,223,236,222
mint condition,207,227,211
reclining green,183,217,193
lark green,131,194,163
julep,83,173,132
argyle,42,139,95
greens,0,104,72
embellished blue,215,236,228
waterfall,192,227,220
refresh,161,212,202
larchmere,113,187,172
jargon jade,84,164,147
ionian,56,137,122
starboard,0,107,85
crystal clear,220,237,233
tame teal,195,231,226
aqueduct,162,213,206
cooled blue,118,184,177
rivulet,98,168,160
thermal spring,62,139,132
poseidon,0,106,102
retiring blue,215,234,233
swimming,196,229,231
spa,170,219,223
mariner,117,191,200
aquarium,74,167,179
gulfstream,17,131,144
maxi teal,0,110,127
bathe blue,198,225,230
cay,170,208,217
rapture blue,131,191,206
freshwater,86,162,181
briny,41,125,147
blue nile,0,106,132
carefree,222,233,234
aviary blue,201,227,234
liquid blue,170,210,223
nautilus,121,181,203
jamaica bay,72,159,187
cruising,36,127,157
amalfi,0,103,138
bravo blue,212,231,234
quench blue,184,222,233
cloudless,149,206,224
fountain,98,177,206
capri,47,155,190
blue mosque,0,123,165
adriatic sea,0,86,133
minor blue,187,221,234
bluebell,167,210,233
flyway,106,175,216
major blue,67,152,200
blue plate,22,117,172
jay blue,0,86,139
iceberg,216,228,232
soar,198,222,234
something blue,180,212,232
regale blue,133,178,215
jacaranda,102,155,196
danube,57,114,165
dignity blue,30,70,116
glass bead,225,229,231
rhythmic blue,207,217,230
wondrous blue,188,203,223
celestial,157,176,210
lobelia,125,149,193
lupine,88,112,161
honorable blue,36,63,120
white iris,225,226,232
wishful blue,218,220,230
breathtaking,202,208,228
awesome violet,172,175,213
dahlia,145,148,197
gentian,107,110,166
minuet white,235,230,233
inspired lilac,226,216,229
potentially purple,212,202,224
wisteria,193,178,213
brave purple,156,139,185
izmir purple,82,63,110
whimsical white,236,229,232
elation,226,219,230
rhapsody lilac,214,198,222
magical,197,173,209
kismet,167,135,184
clematis,132,99,151
impulsive purple,104,70,120
white lilac,240,231,232
spangle,231,218,229
euphoric lilac,221,198,219
novel lilac,199,162,195
baroness,172,131,167
vigorous violet,129,90,127
kimono violet,96,54,94
exuberant pink,189,70,127
dynamo,156,55,103
forward fuschia,153,45,90
hot,178,62,96
merry pink,237,198,218
prominent pink,225,154,197
ice plant,215,121,173
panache pink,241,200,214
partytime,232,166,196
vivacious pink,226,134,167
hibiscus,213,104,144
desire pink,241,196,209
fussy pink,235,162,185
impatient pink,225,121,151
dragon fruit,211,94,127
reverie pink,243,202,210
pink moment,241,154,171
zany pink,233,115,132
feverish pink,211,56,78
eros pink,206,73,101
radish,171,36,63
cherries jubilee,177,52,79
lusty red,183,52,58
cherry tomato,181,47,43
gypsy red,187,47,54
fireworks,215,57,48
real red,198,34,47
stop,202,51,51
ablaze,196,68,61
positive red,179,34,48
gaiety,243,191,184
coral bead,242,155,146
ardent coral,233,117,105
gladiola,221,78,64
comical coral,244,210,200
inner child,244,190,178
animated coral,241,145,128
daring,228,100,75
energetic orange,221,86,51
cayenne,196,75,47
daredevil,214,73,32
raucous orange,198,84,41
obstinate orange,220,86,32
knockout orange,229,111,56
invigorate,232,116,49
navel,239,136,38
pizazz peach,244,202,147
stirring orange,245,181,97
osage orange,244,166,62
mandarin,241,146,31
carnival,237,140,30
forceful orange,242,153,0
laughing orange,243,160,0
sundance,247,206,105
social butterfly,248,192,72
nasturtium,248,178,34
optimistic yellow,243,229,165
daffodil,246,223,119
decisive yellow,249,212,69
cheerful,252,208,0
gusto gold,246,180,0
goldfinch,250,192,0
citrus,252,205,0
forsythia,252,210,0
fun yellow,243,235,146
lemon twist,249,226,87
daisy,247,220,49
confident yellow,247,214,0
glisten yellow,242,235,171
funky yellow,232,218,107
citronella,196,180,0
impetuous,223,221,139
nervy hue,209,206,87
humorous green,189,194,42
fusion,169,182,17
center stage,167,204,0
electric lime,142,195,16
outrageous green,126,190,43
festival green,98,169,56
direct green,48,144,35
envy,49,144,67
lucky green,24,135,84
greenbelt,0,115,71
green vibes,210,234,196
witty green,172,221,156
laudable lime,131,196,110
jolly green,83,171,59
spirited green,200,232,205
clean green,159,220,173
rally green,120,196,133
straightforward green,69,169,80
aquatint,185,230,224
tantalizing teal,137,217,209
synergy,81,192,182
turquish,25,157,153
biscay,31,154,165
nifty turquoise,0,140,142
splashy,0,139,157
intense teal,0,113,135
pool blue,184,227,229
belize,132,208,215
surfer,22,161,171
tempo teal,0,133,154
blue bauble,175,220,230
slick blue,122,200,219
calypso,49,170,193
blue click,172,214,234
candid blue,120,191,228
resonant blue,47,155,203
impromptu,0,138,190
blue refrain,181,215,233
undercool,137,192,228
dynamic blue,25,139,203
blue chip,0,101,171
bewitching blue,191,207,229
blue beyond,152,180,219
sapphire,89,116,175
pulsating blue,0,93,146
hyper blue,0,86,155
blueblood,2,72,137
frank blue,46,75,137
hyacinth tint,198,201,225
indulgent,164,167,209
venture violet,122,126,180
morning glory,66,71,128
joyful lilac,230,211,226
free spirit,206,174,209
plum blossom,172,131,180
lavish lavender,159,113,166
vanity pink,234,203,222
queenly,217,169,207
drama violet,190,128,176
verve violet,153,74,127
gutsy grape,117,78,131
passionate purple,126,80,132
african violet,107,79,133
fully purple,86,72,126
bohemian black,59,55,60
domino,52,49,54
caviar,48,46,47
black magic,51,50,50
inkwell,47,51,56
black of night,50,54,57
greenblack,54,58,58
superwhite,232,234,234
ibis white,240,235,230
marshmallow,239,234,225
downy,238,232,221
toque white,229,225,217
snowbound,238,235,229
pure white,238,237,231
extra white,239,240,236
ceiling bright white,233,236,232
alabaster,238,235,225
pearly white,231,228,217
white duck,230,224,211
natural choice,227,222,208
creamy,238,234,220
ivory lace,232,228,216
eider white,226,222,216
repose gray,205,202,194
mindful gray,188,184,174
dorian gray,172,169,159
gauntlet gray,120,116,110
black fox,78,72,65
simple white,224,218,211
alpaca,205,199,190
requisite gray,186,180,170
functional gray,171,164,155
backdrop,134,124,112
griffin,111,101,89
incredible white,228,223,216
agreeable gray,210,205,194
anew gray,191,184,171
mega greige,173,164,151
warm stone,136,125,108
brainstorm bronze,116,107,91
status bronze,89,77,57
aesthetic white,228,223,212
accessible beige,209,201,184
balanced beige,191,179,161
tony taupe,177,164,145
virtual taupe,137,124,105
smokehouse,113,100,83
van dyke brown,85,72,54
shoji white,230,224,211
worldly gray,206,200,187
amazing gray,191,184,170
intellectual gray,170,163,148
anonymous,130,124,111
porpoise,106,101,91
urbane bronze,83,80,73
nuance,226,225,214
useful gray,207,203,189
analytical gray,189,183,166
gray area,174,169,151
adaptive shade,134,128,112
suitable brown,101,93,77
enduring bronze,87,81,66
reserved white,224,224,218
silver strand,200,204,197
magnetic gray,179,183,176
unusual gray,163,169,161
attitude gray,124,127,119
night owl,99,103,96
rock bottom,74,78,75
nebulous white,222,224,220
passive,204,205,201
argos,185,187,182
cityscape,128,130,127
grizzle gray,99,101,98
iron ore,68,69,67
site white,222,224,221
gray screen,200,203,203
online,177,182,183
network gray,161,167,168
software,127,132,134
web gray,98,103,106
cyberspace,68,72,77
original white,227,223,220
minute mauve,208,202,200
ponder,189,184,183
quest gray,175,168,167
sensuous gray,133,127,128
stunning shade,102,96,99
darkroom,69,62,65
arcade white,243,238,232
futon,238,232,221
white flour,245,240,230
whitetail,244,240,229
cotton white,247,241,227
paperwhite,247,241,222
honied white,247,239,219
fancy pink,247,233,232
pink vibernum,247,230,229
young at heart,248,227,226
cosmetic blush,248,233,227
laurel pink,249,226,220
pinkish,247,236,227
roseate,249,230,220
palish peach,247,237,225
conch shell,249,231,215
a la mode,247,237,221
melon tint,248,233,213
french vanilla,248,235,210
venetian lace,247,239,219
dollop of cream,248,237,213
corona,247,239,209
lemon drop,247,242,217
yellow beam,248,241,207
crescent moon,247,242,216
glittery yellow,247,241,206
pearl onion,239,241,226
apple slice,235,238,219
green glaze,235,242,229
opera glass,230,242,238
brooklet,231,240,238
water squirt,218,235,236
faraway blue,230,238,240
tibetan sky,221,234,239
twinkle,230,233,239
chapeau violet,225,229,238
violet vignette,219,224,236
lavender wisp,235,235,239
snowberry,241,236,238
feathery lilac,238,230,238
threshold taupe,173,156,141
dry dock,161,142,126
keystone gray,159,147,135
manor house,102,93,88
loggia,197,184,167
stone lion,180,165,147
tavern taupe,157,141,124
tiki hut,133,115,100
chateau brown,90,72,63
bungalow beige,205,192,177
pavillion beige,198,182,165
sanderling,168,150,131
foothills,131,117,104
homestead brown,111,97,85
kestrel white,224,214,201
china doll,220,206,190
beach house,201,179,158
mexican sand,177,153,133
plantation brown,108,82,68
dormer brown,174,149,126
meadowlark,161,133,108
burnished brandy,127,98,75
dhurrie beige,203,187,171
tree branch,141,119,103
maison blanche,223,211,193
nantucket dune,208,192,171
windsor greige,197,180,158
sand beach,215,200,179
barcelona beige,196,180,158
canvas tan,220,209,193
urban putty,207,193,173
khaki shade,193,177,154
outerbanks,184,165,141
sandy ridge,163,144,124
bittersweet stem,203,181,156
tamarind,194,167,140
cork wedge,194,170,142
artisan tan,177,153,124
grecian ivory,217,207,191
naturel,203,193,174
avenue tan,188,176,155
fenland,173,158,133
pier,108,94,78
prairie grass,177,164,145
sandbar,204,191,175
portico,187,172,151
studio taupe,174,158,136
resort tan,148,130,109
greek villa,239,236,227
bauhaus buff,231,219,205
fragile beauty,231,216,199
steamed milk,235,225,210
patience,226,212,193
summer white,244,233,215
medici ivory,242,232,216
impressive ivory,244,222,196
lemon meringue,244,233,205
roman column,246,240,226
restful white,238,232,215
polar bear,233,224,204
oyster bar,220,208,189
westhighland white,242,238,228
natural tan,219,210,196
neutral ground,227,218,204
stucco,221,208,188
egret white,223,217,208
casa blanca,236,225,208
lotus pod,231,216,196
eaglet beige,235,219,197
echelon ecru,231,217,192
chop sticks,223,209,184
damsel,198,159,175
blackberry,94,70,79
borscht,119,66,73
alaea,132,93,97
carnelian,100,80,81
rosettee,215,165,149
salute,135,67,64
wild current,129,64,69
red theatre,116,64,66
stolen kiss,138,64,65
antique red,163,77,75
show stopper,167,60,65
habanero chile,184,78,70
red obsession,184,64,59
red barn,127,69,60
crabby apple,123,66,63
rustic red,121,71,66
carriage door,111,66,61
sommelier,102,71,71
only natural,226,211,197
trek tan,209,174,155
sierra redwood,151,94,81
brick paver,151,77,65
bolero,147,66,62
dockside blue,161,179,190
indigo batik,77,92,109
poolhouse,131,151,163
smoky blue,94,113,125
gale force,69,82,90
blue cruise,105,147,170
santorini blue,70,113,135
adrift,137,171,186
georgian revival blue,96,144,162
turkish tile,68,121,142
tranquil aqua,127,157,164
mountain stream,107,147,156
sea serpent,76,88,96
breezy,162,175,177
mediterranean,101,124,129
deep sea dive,71,107,113
labradorite,105,126,135
seaworthy,66,89,99
silvermist,177,185,179
homburg gray,103,110,107
cascades,60,77,78
slate tile,101,115,122
mount etna,75,85,89
zurich white,230,226,219
white heron,229,224,215
windfresh white,222,216,208
grapy,121,112,114
raisin,73,62,64
city loft,224,218,210
modern gray,215,207,198
pediment,212,205,198
palisade,170,159,151
origami white,230,226,219
oyster white,228,223,211
jogging path,194,187,172
ethereal mood,175,166,150
fawn brindle,168,161,150
collonade gray,197,191,182
pavestone,162,156,147
pussywillow,179,174,168
gateway gray,179,173,159
thunder gray,88,85,78
first star,218,217,213
crushed ice,215,212,205
big chill,208,207,202
silverplate,194,193,188
ellie gray,170,170,164
front porch,203,204,197
mineral deposit,172,176,175
silverpointe,209,210,205
lattice,206,206,199
stamped concrete,162,162,155
rhinestone,222,224,223
tinsmith,198,200,198
gray clouds,184,184,181
gris,166,170,169
earl grey,152,156,154
reflection,210,213,211
evening shadow,201,205,207
monorail silver,180,185,186
steely gray,145,152,157
wall street,106,114,121
fleur de sel,221,221,217
zircon,202,201,199
march wind,186,185,183
summit gray,149,149,146
gray shingle,149,148,148
on the rocks,209,206,201
knitting needles,196,193,189
pewter cast,157,154,150
peppercorn,99,99,100
sealskin,73,69,64
paper lantern,241,224,198
gold vessel,234,186,140
cottage cream,237,219,190
golden gate,218,176,133
lanyard,191,153,116
buff,243,225,197
concord buff,239,216,182
white raisin,228,192,141
hinoki,247,220,184
august moon,231,199,162
sundew,225,206,177
row house tan,211,187,159
townhall tan,195,171,142
biltmore buff,226,201,162
cupola yellow,220,188,145
stonebriar,204,171,130
dromedary camel,203,175,137
mesa tan,192,160,126
toasted pine nut,219,199,168
safari,204,179,143
straw harvest,217,199,162
rustic city,190,160,115
olde world gold,147,116,78
cavern clay,174,111,90
spiced cider,178,124,99
earthen jug,172,106,76
tower tan,212,181,155
wheat penny,154,112,90
creole cottage,230,185,157
copper wire,199,126,91
rustic adobe,212,156,119
copper pot,181,116,75
brandywine,166,109,76
pueblo,229,208,190
townhouse tan,222,200,181
tawny tan,203,178,155
oak barrel,193,164,139
pottery urn,171,135,112
croissant,219,198,169
ligonier tan,211,178,145
oak creek,187,143,109
fresco cream,217,197,176
deer valley,199,164,135
crescent cream,236,209,179
travertine,236,211,181
colony buff,221,198,172
canoe,183,153,124
yearling,172,137,108
lemon verbena,159,155,117
koi pond,186,180,149
green sprout,164,161,132
forestwood,91,96,85
san antonio sage,167,151,120
lemongrass,200,190,154
bamboo shoot,178,165,124
olive grove,132,124,95
palm leaf,109,101,72
garden sage,178,167,135
meadow trail,144,133,110
cargo pants,205,196,174
herbal wash,166,157,134
messenger bag,130,122,101
willow tree,169,173,157
agate green,144,166,138
mountain road,135,134,122
zeus,153,145,127
muddled basil,101,94,82
rushing river,164,159,147
recycled glass,190,193,164
green earth,156,155,135
laurel woods,81,85,76
olympic range,67,77,70
